model_name,store_id,sku_id,mae,rmse,wape_pct,bias_units,normalized_bias_pct
Holt_Winters,FC-Central,SKU-APPR-001,7.524,9.762,16.47,22.36,0.58
Holt_Winters,FC-Central,SKU-APPR-002,23.151,31.665,57.13,-99.2,-2.91
Holt_Winters,FC-Central,SKU-APPR-003,10.214,12.692,35.82,-409.54,-17.1
Holt_Winters,FC-Central,SKU-APPR-004,9.219,12.268,17.0,-12.65,-0.28
Holt_Winters,FC-Central,SKU-APPR-005,6.916,9.182,29.75,101.23,5.18
Holt_Winters,FC-Central,SKU-APPR-006,6.643,8.638,32.98,-55.6,-3.29
Holt_Winters,FC-Central,SKU-APPR-007,2.188,2.874,29.78,-24.03,-3.89
Holt_Winters,FC-Central,SKU-APPR-008,18.646,30.567,39.65,-588.67,-14.9
Holt_Winters,FC-Central,SKU-APPR-009,2.174,2.72,170.68,27.15,25.37
Holt_Winters,FC-Central,SKU-APPR-010,2.545,3.393,51.64,-15.7,-3.79
Holt_Winters,FC-Central,SKU-ELEC-001,5.48,7.137,19.44,-96.66,-4.08
Holt_Winters,FC-Central,SKU-ELEC-002,5.756,7.892,16.89,64.92,2.27
Holt_Winters,FC-Central,SKU-ELEC-003,4.878,5.992,26.99,28.18,1.86
Holt_Winters,FC-Central,SKU-ELEC-004,7.081,9.421,17.06,44.86,1.29
Holt_Winters,FC-Central,SKU-ELEC-005,11.116,14.524,31.98,-349.67,-11.98
Holt_Winters,FC-Central,SKU-ELEC-006,4.252,5.48,23.81,-127.32,-8.49
Holt_Winters,FC-Central,SKU-ELEC-007,2.656,3.267,27.92,27.07,3.39
Holt_Winters,FC-Central,SKU-ELEC-008,14.446,20.733,25.64,-558.92,-11.81
Holt_Winters,FC-Central,SKU-ELEC-009,3.685,4.513,135.17,-26.65,-11.64
Holt_Winters,FC-Central,SKU-ELEC-010,3.229,4.282,52.26,-1.38,-0.27
Holt_Winters,FC-Central,SKU-GROC-001,8.265,11.383,13.54,-118.12,-2.3
Holt_Winters,FC-Central,SKU-GROC-002,6.67,8.781,14.55,-72.46,-1.88
Holt_Winters,FC-Central,SKU-GROC-003,8.181,10.037,18.22,156.42,4.15
Holt_Winters,FC-Central,SKU-GROC-004,7.07,9.827,23.29,67.95,2.66
Holt_Winters,FC-Central,SKU-GROC-005,30.134,48.363,52.14,-1019.94,-21.01
Holt_Winters,FC-Central,SKU-GROC-006,10.232,12.458,28.92,124.9,4.2
Holt_Winters,FC-Central,SKU-GROC-007,3.502,4.313,27.08,-30.08,-2.77
Holt_Winters,FC-Central,SKU-GROC-008,23.863,33.471,46.11,-1254.26,-28.85
Holt_Winters,FC-Central,SKU-GROC-009,3.297,3.954,153.02,18.87,10.43
Holt_Winters,FC-Central,SKU-GROC-010,2.967,4.482,50.86,19.55,3.99
Holt_Winters,FC-Central,SKU-HLTH-001,7.866,10.199,15.68,-46.7,-1.11
Holt_Winters,FC-Central,SKU-HLTH-002,18.777,23.585,54.02,-260.09,-8.91
Holt_Winters,FC-Central,SKU-HLTH-003,7.171,9.047,18.31,-164.62,-5.0
Holt_Winters,FC-Central,SKU-HLTH-004,5.482,7.242,17.98,111.49,4.35
Holt_Winters,FC-Central,SKU-HLTH-005,18.55,25.824,42.5,-654.57,-17.86
Holt_Winters,FC-Central,SKU-HLTH-006,7.18,9.187,27.45,26.57,1.21
Holt_Winters,FC-Central,SKU-HLTH-007,2.832,3.686,33.27,24.81,3.47
Holt_Winters,FC-Central,SKU-HLTH-008,11.822,17.091,32.61,-568.72,-18.68
Holt_Winters,FC-Central,SKU-HLTH-009,2.826,3.464,147.43,6.87,4.27
Holt_Winters,FC-Central,SKU-HLTH-010,2.742,4.218,48.91,-15.39,-3.27
Holt_Winters,FC-Central,SKU-HOME-001,4.044,5.182,18.01,18.27,0.97
Holt_Winters,FC-Central,SKU-HOME-002,13.324,16.64,26.13,-234.1,-5.46
Holt_Winters,FC-Central,SKU-HOME-003,4.771,5.908,20.28,27.35,1.38
Holt_Winters,FC-Central,SKU-HOME-004,4.825,7.094,24.0,-17.24,-1.02
Holt_Winters,FC-Central,SKU-HOME-005,4.77,6.376,18.85,-87.84,-4.13
Holt_Winters,FC-Central,SKU-HOME-006,8.364,11.456,35.01,-477.57,-23.8
Holt_Winters,FC-Central,SKU-HOME-007,1.764,2.328,29.75,26.33,5.29
Holt_Winters,FC-Central,SKU-HOME-008,14.333,18.547,36.96,-612.39,-18.8
Holt_Winters,FC-Central,SKU-HOME-009,2.849,3.925,121.48,-76.45,-38.81
Holt_Winters,FC-Central,SKU-HOME-010,5.014,6.634,43.37,-111.55,-11.49
Holt_Winters,FC-East,SKU-APPR-001,9.998,12.796,15.65,98.16,1.83
Holt_Winters,FC-East,SKU-APPR-002,25.529,39.362,45.56,-557.82,-11.85
Holt_Winters,FC-East,SKU-APPR-003,18.885,24.925,38.69,-341.43,-8.33
Holt_Winters,FC-East,SKU-APPR-004,15.5,20.253,20.2,91.29,1.42
Holt_Winters,FC-East,SKU-APPR-005,13.787,19.092,38.11,316.18,10.4
Holt_Winters,FC-East,SKU-APPR-006,9.887,13.289,35.84,-125.46,-5.41
Holt_Winters,FC-East,SKU-APPR-007,3.613,4.984,33.13,-0.3,-0.03
Holt_Winters,FC-East,SKU-APPR-008,29.218,44.603,43.94,-457.58,-8.19
Holt_Winters,FC-East,SKU-APPR-009,3.581,4.209,136.73,-15.81,-7.19
Holt_Winters,FC-East,SKU-APPR-010,3.657,6.352,50.44,-65.45,-10.75
Holt_Winters,FC-East,SKU-ELEC-001,8.172,10.114,20.43,98.06,2.92
Holt_Winters,FC-East,SKU-ELEC-002,8.288,10.471,16.28,60.48,1.41
Holt_Winters,FC-East,SKU-ELEC-003,6.546,8.277,24.5,-123.91,-5.52
Holt_Winters,FC-East,SKU-ELEC-004,10.634,14.43,17.48,-17.24,-0.34
Holt_Winters,FC-East,SKU-ELEC-005,17.378,26.612,32.84,-267.4,-6.02
Holt_Winters,FC-East,SKU-ELEC-006,7.983,9.745,30.56,-52.28,-2.38
Holt_Winters,FC-East,SKU-ELEC-007,3.872,5.515,26.44,-89.89,-7.31
Holt_Winters,FC-East,SKU-ELEC-008,20.324,30.426,25.25,-243.71,-3.61
Holt_Winters,FC-East,SKU-ELEC-009,4.794,5.806,140.32,-35.45,-12.35
Holt_Winters,FC-East,SKU-ELEC-010,4.543,5.559,48.25,-30.41,-3.84
Holt_Winters,FC-East,SKU-GROC-001,13.35,18.983,14.89,-197.74,-2.62
Holt_Winters,FC-East,SKU-GROC-002,9.933,13.305,15.22,-5.57,-0.1
Holt_Winters,FC-East,SKU-GROC-003,13.013,16.764,18.71,-150.37,-2.57
Holt_Winters,FC-East,SKU-GROC-004,11.208,15.56,26.37,234.88,6.58
Holt_Winters,FC-East,SKU-GROC-005,39.656,50.852,48.54,-1017.96,-14.83
Holt_Winters,FC-East,SKU-GROC-006,21.95,27.271,37.95,511.35,10.53
Holt_Winters,FC-East,SKU-GROC-007,4.663,5.732,24.96,40.71,2.59
Holt_Winters,FC-East,SKU-GROC-008,27.831,40.973,40.02,-901.72,-15.44
Holt_Winters,FC-East,SKU-GROC-009,4.843,5.757,137.44,-18.45,-6.23
Holt_Winters,FC-East,SKU-GROC-010,3.678,4.989,49.04,71.05,11.28
Holt_Winters,FC-East,SKU-HLTH-001,10.249,12.508,13.69,94.7,1.51
Holt_Winters,FC-East,SKU-HLTH-002,24.444,32.976,47.33,-718.6,-16.57
Holt_Winters,FC-East,SKU-HLTH-003,12.182,16.068,21.72,158.52,3.36
Holt_Winters,FC-East,SKU-HLTH-004,7.729,10.121,16.67,-101.83,-2.61
Holt_Winters,FC-East,SKU-HLTH-005,26.137,36.531,41.7,-937.38,-17.8
Holt_Winters,FC-East,SKU-HLTH-006,9.584,12.594,25.59,56.44,1.79
Holt_Winters,FC-East,SKU-HLTH-007,4.519,5.671,39.18,25.93,2.68
Holt_Winters,FC-East,SKU-HLTH-008,16.608,25.564,34.55,-728.41,-18.04
Holt_Winters,FC-East,SKU-HLTH-009,3.629,4.255,184.76,69.48,42.11
Holt_Winters,FC-East,SKU-HLTH-010,4.005,5.49,51.52,17.25,2.64
Holt_Winters,FC-East,SKU-HOME-001,6.105,7.626,18.49,53.66,1.93
Holt_Winters,FC-East,SKU-HOME-002,17.807,22.879,22.91,-376.71,-5.77
Holt_Winters,FC-East,SKU-HOME-003,7.521,9.711,21.07,-47.72,-1.59
Holt_Winters,FC-East,SKU-HOME-004,7.893,10.596,28.48,135.65,5.83
Holt_Winters,FC-East,SKU-HOME-005,5.413,7.337,14.68,-98.53,-3.18
Holt_Winters,FC-East,SKU-HOME-006,12.611,16.89,35.76,-271.19,-9.16
Holt_Winters,FC-East,SKU-HOME-007,2.576,3.189,31.97,104.04,15.37
Holt_Winters,FC-East,SKU-HOME-008,21.275,31.024,35.99,-424.3,-8.55
Holt_Winters,FC-East,SKU-HOME-009,3.273,4.104,169.71,21.05,12.99
Holt_Winters,FC-East,SKU-HOME-010,6.094,8.806,38.72,-43.89,-3.32
Holt_Winters,FC-West,SKU-APPR-001,11.578,16.313,18.67,-280.48,-5.38
Holt_Winters,FC-West,SKU-APPR-002,30.436,41.696,58.03,-124.74,-2.83
Holt_Winters,FC-West,SKU-APPR-003,12.562,15.847,30.84,123.37,3.61
Holt_Winters,FC-West,SKU-APPR-004,12.493,15.715,18.34,-51.35,-0.9
Holt_Winters,FC-West,SKU-APPR-005,12.256,15.404,38.79,406.3,15.31
Holt_Winters,FC-West,SKU-APPR-006,10.488,13.824,39.31,-152.3,-6.8
Holt_Winters,FC-West,SKU-APPR-007,3.39,4.8,35.59,-4.44,-0.55
Holt_Winters,FC-West,SKU-APPR-008,26.385,38.71,43.51,-728.97,-14.31
Holt_Winters,FC-West,SKU-APPR-009,3.572,4.331,156.28,15.24,7.94
Holt_Winters,FC-West,SKU-APPR-010,3.476,5.756,56.8,47.33,9.21
Holt_Winters,FC-West,SKU-ELEC-001,8.404,10.43,24.45,245.52,8.5
Holt_Winters,FC-West,SKU-ELEC-002,8.011,10.214,18.03,47.57,1.27
Holt_Winters,FC-West,SKU-ELEC-003,4.516,6.239,20.21,41.09,2.19
Holt_Winters,FC-West,SKU-ELEC-004,8.716,11.574,16.02,-119.34,-2.61
Holt_Winters,FC-West,SKU-ELEC-005,15.495,21.268,32.33,-409.88,-10.18
Holt_Winters,FC-West,SKU-ELEC-006,7.45,9.438,29.44,-96.38,-4.53
Holt_Winters,FC-West,SKU-ELEC-007,3.934,4.902,32.95,65.7,6.55
Holt_Winters,FC-West,SKU-ELEC-008,22.546,32.071,30.18,-881.78,-14.05
Holt_Winters,FC-West,SKU-ELEC-009,4.401,5.486,125.31,-55.66,-18.87
Holt_Winters,FC-West,SKU-ELEC-010,3.413,4.462,47.62,64.11,10.65
Holt_Winters,FC-West,SKU-GROC-001,11.503,15.746,14.81,37.76,0.58
Holt_Winters,FC-West,SKU-GROC-002,8.845,11.943,15.87,99.87,2.13
Holt_Winters,FC-West,SKU-GROC-003,9.97,13.259,16.57,-42.32,-0.84
Holt_Winters,FC-West,SKU-GROC-004,11.467,15.839,27.24,-181.25,-5.13
Holt_Winters,FC-West,SKU-GROC-005,32.67,46.368,48.36,-877.26,-15.46
Holt_Winters,FC-West,SKU-GROC-006,11.49,15.108,25.7,-200.78,-5.35
Holt_Winters,FC-West,SKU-GROC-007,4.4,6.002,25.58,-51.35,-3.55
Holt_Winters,FC-West,SKU-GROC-008,38.197,58.624,54.18,-1044.51,-17.64
Holt_Winters,FC-West,SKU-GROC-009,4.408,5.287,150.53,5.97,2.43
Holt_Winters,FC-West,SKU-GROC-010,4.181,6.87,52.81,9.35,1.41
Holt_Winters,FC-West,SKU-HLTH-001,9.065,11.982,13.88,-46.32,-0.84
Holt_Winters,FC-West,SKU-HLTH-002,13.524,17.079,33.4,50.86,1.5
Holt_Winters,FC-West,SKU-HLTH-003,9.805,12.606,19.78,-75.23,-1.81
Holt_Winters,FC-West,SKU-HLTH-004,6.287,8.144,15.43,-15.73,-0.46
Holt_Winters,FC-West,SKU-HLTH-005,21.428,33.466,38.26,-1084.15,-23.05
Holt_Winters,FC-West,SKU-HLTH-006,7.672,9.332,23.53,160.09,5.84
Holt_Winters,FC-West,SKU-HLTH-007,3.245,4.328,31.41,40.38,4.65
Holt_Winters,FC-West,SKU-HLTH-008,13.467,20.15,31.33,-787.66,-21.81
Holt_Winters,FC-West,SKU-HLTH-009,3.607,4.326,120.72,-45.79,-18.24
Holt_Winters,FC-West,SKU-HLTH-010,4.56,7.251,63.0,77.93,12.82
Holt_Winters,FC-West,SKU-HOME-001,6.467,8.645,21.44,0.65,0.03
Holt_Winters,FC-West,SKU-HOME-002,16.225,22.35,24.95,-649.12,-11.88
Holt_Winters,FC-West,SKU-HOME-003,5.423,6.832,17.31,-9.11,-0.35
Holt_Winters,FC-West,SKU-HOME-004,6.439,8.206,26.95,114.29,5.69
Holt_Winters,FC-West,SKU-HOME-005,4.203,5.569,13.07,-18.38,-0.68
Holt_Winters,FC-West,SKU-HOME-006,7.991,12.467,25.85,-153.36,-5.91
Holt_Winters,FC-West,SKU-HOME-007,1.954,2.586,25.4,22.75,3.52
Holt_Winters,FC-West,SKU-HOME-008,19.003,24.643,36.71,-552.59,-12.71
Holt_Winters,FC-West,SKU-HOME-009,3.351,4.095,148.92,5.25,2.78
Holt_Winters,FC-West,SKU-HOME-010,4.681,5.725,37.41,-47.0,-4.47
LightGBM,FC-Central,SKU-APPR-001,11.172,14.114,24.46,-780.13,-20.33
LightGBM,FC-Central,SKU-APPR-002,19.441,28.362,47.97,-680.4,-19.99
LightGBM,FC-Central,SKU-APPR-003,9.182,11.944,32.2,-140.59,-5.87
LightGBM,FC-Central,SKU-APPR-004,13.259,17.245,24.45,-1020.37,-22.4
LightGBM,FC-Central,SKU-APPR-005,6.343,8.471,27.28,-48.6,-2.49
LightGBM,FC-Central,SKU-APPR-006,6.687,8.569,33.2,-59.9,-3.54
LightGBM,FC-Central,SKU-APPR-007,2.606,3.109,35.47,92.75,15.03
LightGBM,FC-Central,SKU-APPR-008,20.771,34.088,44.17,-1169.72,-29.61
LightGBM,FC-Central,SKU-APPR-009,2.333,2.754,183.11,51.99,48.59
LightGBM,FC-Central,SKU-APPR-010,2.448,3.357,49.66,-36.92,-8.92
LightGBM,FC-Central,SKU-ELEC-001,7.401,9.378,26.25,-515.16,-21.76
LightGBM,FC-Central,SKU-ELEC-002,7.182,10.03,21.07,-541.28,-18.91
LightGBM,FC-Central,SKU-ELEC-003,5.216,6.787,28.86,-241.4,-15.9
LightGBM,FC-Central,SKU-ELEC-004,9.647,13.081,23.25,-693.09,-19.88
LightGBM,FC-Central,SKU-ELEC-005,11.549,15.566,33.22,-648.21,-22.2
LightGBM,FC-Central,SKU-ELEC-006,4.089,5.293,22.9,-31.42,-2.09
LightGBM,FC-Central,SKU-ELEC-007,2.807,3.309,29.51,58.3,7.3
LightGBM,FC-Central,SKU-ELEC-008,17.318,24.431,30.74,-1217.27,-25.72
LightGBM,FC-Central,SKU-ELEC-009,3.557,4.517,130.46,-47.95,-20.94
LightGBM,FC-Central,SKU-ELEC-010,3.225,4.313,52.19,-13.52,-2.61
LightGBM,FC-Central,SKU-GROC-001,14.418,18.052,23.61,-1129.92,-22.03
LightGBM,FC-Central,SKU-GROC-002,9.337,12.238,20.37,-695.7,-18.07
LightGBM,FC-Central,SKU-GROC-003,10.542,13.351,23.48,-790.78,-20.96
LightGBM,FC-Central,SKU-GROC-004,8.003,11.431,26.36,-521.87,-20.47
LightGBM,FC-Central,SKU-GROC-005,31.33,50.18,54.21,-944.53,-19.45
LightGBM,FC-Central,SKU-GROC-006,10.115,13.42,28.59,-485.29,-16.33
LightGBM,FC-Central,SKU-GROC-007,3.613,4.43,27.94,58.79,5.41
LightGBM,FC-Central,SKU-GROC-008,22.41,33.352,43.3,-1145.77,-26.36
LightGBM,FC-Central,SKU-GROC-009,3.244,3.949,150.55,6.73,3.72
LightGBM,FC-Central,SKU-GROC-010,2.848,4.561,48.83,-22.17,-4.52
LightGBM,FC-Central,SKU-HLTH-001,11.139,14.46,22.21,-770.04,-18.28
LightGBM,FC-Central,SKU-HLTH-002,13.161,18.235,37.86,-320.91,-10.99
LightGBM,FC-Central,SKU-HLTH-003,11.368,13.923,29.02,-895.9,-27.23
LightGBM,FC-Central,SKU-HLTH-004,6.34,8.995,20.79,-445.34,-17.39
LightGBM,FC-Central,SKU-HLTH-005,17.02,25.591,39.0,-786.79,-21.46
LightGBM,FC-Central,SKU-HLTH-006,7.5,10.381,28.68,-397.67,-18.1
LightGBM,FC-Central,SKU-HLTH-007,3.003,3.715,35.28,79.92,11.18
LightGBM,FC-Central,SKU-HLTH-008,12.236,17.851,33.76,-871.36,-28.62
LightGBM,FC-Central,SKU-HLTH-009,2.727,3.391,142.3,-1.74,-1.08
LightGBM,FC-Central,SKU-HLTH-010,2.787,4.305,49.7,-3.78,-0.8
LightGBM,FC-Central,SKU-HOME-001,4.254,5.63,18.95,-157.17,-8.33
LightGBM,FC-Central,SKU-HOME-002,16.098,20.888,31.56,-1105.07,-25.8
LightGBM,FC-Central,SKU-HOME-003,5.554,7.238,23.61,-344.25,-17.42
LightGBM,FC-Central,SKU-HOME-004,4.848,7.066,24.11,-113.44,-6.72
LightGBM,FC-Central,SKU-HOME-005,5.3,7.453,20.94,-319.54,-15.03
LightGBM,FC-Central,SKU-HOME-006,8.792,12.088,36.8,-520.39,-25.93
LightGBM,FC-Central,SKU-HOME-007,2.187,2.59,36.89,100.78,20.24
LightGBM,FC-Central,SKU-HOME-008,13.694,18.174,35.32,-645.22,-19.81
LightGBM,FC-Central,SKU-HOME-009,3.023,3.852,128.91,-37.43,-19.0
LightGBM,FC-Central,SKU-HOME-010,5.129,6.895,44.37,-181.13,-18.65
LightGBM,FC-East,SKU-APPR-001,22.086,25.189,34.58,1541.77,28.74
LightGBM,FC-East,SKU-APPR-002,30.094,40.933,53.7,1292.16,27.45
LightGBM,FC-East,SKU-APPR-003,36.906,42.447,75.61,2833.02,69.1
LightGBM,FC-East,SKU-APPR-004,21.288,24.82,27.74,1188.86,18.44
LightGBM,FC-East,SKU-APPR-005,33.813,39.233,93.46,2647.0,87.1
LightGBM,FC-East,SKU-APPR-006,30.299,34.004,109.85,2331.53,100.63
LightGBM,FC-East,SKU-APPR-007,4.259,5.281,39.06,140.84,15.38
LightGBM,FC-East,SKU-APPR-008,41.7,49.27,62.71,1729.94,30.97
LightGBM,FC-East,SKU-APPR-009,3.856,4.242,147.22,38.32,17.42
LightGBM,FC-East,SKU-APPR-010,3.905,6.412,53.86,-20.25,-3.33
LightGBM,FC-East,SKU-ELEC-001,23.007,26.594,57.52,1844.51,54.9
LightGBM,FC-East,SKU-ELEC-002,24.13,26.684,47.39,1978.89,46.27
LightGBM,FC-East,SKU-ELEC-003,7.988,9.543,29.9,307.08,13.68
LightGBM,FC-East,SKU-ELEC-004,22.86,25.713,37.57,1728.35,33.82
LightGBM,FC-East,SKU-ELEC-005,23.745,30.952,44.87,1250.31,28.13
LightGBM,FC-East,SKU-ELEC-006,23.989,28.697,91.85,1937.05,88.29
LightGBM,FC-East,SKU-ELEC-007,4.464,5.786,30.49,151.07,12.28
LightGBM,FC-East,SKU-ELEC-008,26.705,33.534,33.18,1205.21,17.83
LightGBM,FC-East,SKU-ELEC-009,4.967,5.744,145.38,-4.88,-1.7
LightGBM,FC-East,SKU-ELEC-010,4.612,5.642,48.98,-10.17,-1.29
LightGBM,FC-East,SKU-GROC-001,18.383,22.148,20.5,824.06,10.94
LightGBM,FC-East,SKU-GROC-002,19.849,23.18,30.41,1510.32,27.55
LightGBM,FC-East,SKU-GROC-003,19.157,22.971,27.55,1124.13,19.24
LightGBM,FC-East,SKU-GROC-004,26.304,29.266,61.89,1931.14,54.09
LightGBM,FC-East,SKU-GROC-005,48.091,54.833,58.86,1820.26,26.52
LightGBM,FC-East,SKU-GROC-006,38.529,42.782,66.62,3104.05,63.9
LightGBM,FC-East,SKU-GROC-007,7.68,9.117,41.11,516.83,32.94
LightGBM,FC-East,SKU-GROC-008,36.936,44.995,53.12,1803.2,30.87
LightGBM,FC-East,SKU-GROC-009,4.889,5.736,138.73,-11.11,-3.75
LightGBM,FC-East,SKU-GROC-010,3.712,5.076,49.5,58.81,9.33
LightGBM,FC-East,SKU-HLTH-001,19.932,22.953,26.63,1562.58,24.85
LightGBM,FC-East,SKU-HLTH-002,35.93,40.212,69.57,2479.64,57.16
LightGBM,FC-East,SKU-HLTH-003,23.413,27.182,41.75,1691.4,35.9
LightGBM,FC-East,SKU-HLTH-004,22.983,25.242,49.56,1841.89,47.29
LightGBM,FC-East,SKU-HLTH-005,35.605,40.705,56.81,1895.54,36.0
LightGBM,FC-East,SKU-HLTH-006,27.775,32.019,74.16,2242.27,71.27
LightGBM,FC-East,SKU-HLTH-007,5.058,5.947,43.85,178.82,18.45
LightGBM,FC-East,SKU-HLTH-008,24.158,30.13,50.25,1410.71,34.94
LightGBM,FC-East,SKU-HLTH-009,3.795,4.326,193.18,95.42,57.83
LightGBM,FC-East,SKU-HLTH-010,4.164,5.736,53.57,47.9,7.34
LightGBM,FC-East,SKU-HOME-001,20.246,23.462,61.31,1672.64,60.3
LightGBM,FC-East,SKU-HOME-002,26.145,31.65,33.64,1563.48,23.95
LightGBM,FC-East,SKU-HOME-003,24.665,28.133,69.08,2043.76,68.15
LightGBM,FC-East,SKU-HOME-004,30.379,35.113,109.61,2502.62,107.5
LightGBM,FC-East,SKU-HOME-005,23.91,27.068,64.83,2004.17,64.69
LightGBM,FC-East,SKU-HOME-006,24.264,30.791,68.81,1570.25,53.01
LightGBM,FC-East,SKU-HOME-007,3.188,3.667,39.56,189.1,27.93
LightGBM,FC-East,SKU-HOME-008,26.726,32.216,45.22,1270.73,25.59
LightGBM,FC-East,SKU-HOME-009,3.772,4.214,195.56,94.71,58.46
LightGBM,FC-East,SKU-HOME-010,5.944,8.714,37.77,-69.53,-5.26
LightGBM,FC-West,SKU-APPR-001,12.33,18.115,19.88,-563.08,-10.81
LightGBM,FC-West,SKU-APPR-002,23.786,34.197,45.35,-486.06,-11.03
LightGBM,FC-West,SKU-APPR-003,11.984,15.819,29.42,-211.36,-6.18
LightGBM,FC-West,SKU-APPR-004,13.248,17.716,19.45,-654.83,-11.44
LightGBM,FC-West,SKU-APPR-005,10.365,13.798,32.81,-96.75,-3.65
LightGBM,FC-West,SKU-APPR-006,9.444,12.905,35.4,-200.19,-8.93
LightGBM,FC-West,SKU-APPR-007,3.814,4.953,40.05,78.85,9.86
LightGBM,FC-West,SKU-APPR-008,25.102,35.798,41.39,-589.61,-11.57
LightGBM,FC-West,SKU-APPR-009,3.618,4.262,158.3,29.09,15.15
LightGBM,FC-West,SKU-APPR-010,3.27,5.834,53.45,-30.21,-5.88
LightGBM,FC-West,SKU-ELEC-001,8.803,11.436,25.61,-372.3,-12.9
LightGBM,FC-West,SKU-ELEC-002,7.92,10.688,17.82,-321.97,-8.62
LightGBM,FC-West,SKU-ELEC-003,4.942,6.865,22.12,-228.03,-12.15
LightGBM,FC-West,SKU-ELEC-004,10.106,13.882,18.58,-607.18,-13.29
LightGBM,FC-West,SKU-ELEC-005,14.042,19.069,29.3,-554.64,-13.78
LightGBM,FC-West,SKU-ELEC-006,6.736,8.677,26.61,-199.17,-9.37
LightGBM,FC-West,SKU-ELEC-007,4.151,5.103,34.77,123.54,12.32
LightGBM,FC-West,SKU-ELEC-008,20.689,30.075,27.7,-983.98,-15.68
LightGBM,FC-West,SKU-ELEC-009,4.47,5.468,127.29,-45.7,-15.49
LightGBM,FC-West,SKU-ELEC-010,3.323,4.364,46.36,19.15,3.18
LightGBM,FC-West,SKU-GROC-001,13.348,17.671,17.18,-616.47,-9.45
LightGBM,FC-West,SKU-GROC-002,10.26,13.196,18.4,-499.61,-10.67
LightGBM,FC-West,SKU-GROC-003,11.832,16.127,19.67,-763.37,-15.11
LightGBM,FC-West,SKU-GROC-004,12.743,18.163,30.27,-670.86,-18.97
LightGBM,FC-West,SKU-GROC-005,28.15,38.268,41.67,-91.27,-1.61
LightGBM,FC-West,SKU-GROC-006,11.714,15.467,26.2,-331.26,-8.82
LightGBM,FC-West,SKU-GROC-007,5.104,6.165,29.67,143.09,9.9
LightGBM,FC-West,SKU-GROC-008,33.253,55.153,47.17,-1224.58,-20.68
LightGBM,FC-West,SKU-GROC-009,4.37,5.265,149.23,1.83,0.74
LightGBM,FC-West,SKU-GROC-010,3.888,6.879,49.11,-101.5,-15.26
LightGBM,FC-West,SKU-HLTH-001,9.705,13.384,14.87,-399.48,-7.28
LightGBM,FC-West,SKU-HLTH-002,13.644,17.264,33.7,-141.12,-4.15
LightGBM,FC-West,SKU-HLTH-003,10.832,14.191,21.86,-557.74,-13.4
LightGBM,FC-West,SKU-HLTH-004,6.81,9.275,16.72,-386.63,-11.3
LightGBM,FC-West,SKU-HLTH-005,21.449,32.788,38.3,-804.12,-17.09
LightGBM,FC-West,SKU-HLTH-006,7.872,10.515,24.14,-357.6,-13.06
LightGBM,FC-West,SKU-HLTH-007,3.582,4.589,34.66,126.99,14.63
LightGBM,FC-West,SKU-HLTH-008,11.975,17.87,27.86,-324.12,-8.98
LightGBM,FC-West,SKU-HLTH-009,3.669,4.304,122.79,-28.62,-11.4
LightGBM,FC-West,SKU-HLTH-010,3.96,7.079,54.71,-37.2,-6.12
LightGBM,FC-West,SKU-HOME-001,6.605,9.522,21.89,-337.49,-13.32
LightGBM,FC-West,SKU-HOME-002,16.136,23.254,24.81,-922.95,-16.89
LightGBM,FC-West,SKU-HOME-003,6.903,8.757,22.04,-467.58,-17.77
LightGBM,FC-West,SKU-HOME-004,5.655,7.365,23.67,-1.31,-0.07
LightGBM,FC-West,SKU-HOME-005,5.396,6.895,16.78,-292.94,-10.84
LightGBM,FC-West,SKU-HOME-006,8.519,13.356,27.56,-333.75,-12.85
LightGBM,FC-West,SKU-HOME-007,2.255,2.821,29.33,89.32,13.83
LightGBM,FC-West,SKU-HOME-008,15.754,22.035,30.43,-589.32,-13.55
LightGBM,FC-West,SKU-HOME-009,3.452,4.061,153.4,30.97,16.39
LightGBM,FC-West,SKU-HOME-010,4.633,5.742,37.03,-52.89,-5.03
Moving_Average_28d,FC-Central,SKU-APPR-001,9.513,12.132,20.83,-95.92,-2.5
Moving_Average_28d,FC-Central,SKU-APPR-002,20.007,29.818,49.37,-857.12,-25.18
Moving_Average_28d,FC-Central,SKU-APPR-003,10.371,13.114,36.38,-60.08,-2.51
Moving_Average_28d,FC-Central,SKU-APPR-004,11.357,14.217,20.94,-16.08,-0.35
Moving_Average_28d,FC-Central,SKU-APPR-005,10.688,13.586,45.97,521.08,26.68
Moving_Average_28d,FC-Central,SKU-APPR-006,7.04,9.104,34.95,-38.04,-2.25
Moving_Average_28d,FC-Central,SKU-APPR-007,2.424,3.084,33.0,4.88,0.79
Moving_Average_28d,FC-Central,SKU-APPR-008,20.795,34.054,44.22,-1214.96,-30.76
Moving_Average_28d,FC-Central,SKU-APPR-009,2.114,2.779,165.94,13.12,12.26
Moving_Average_28d,FC-Central,SKU-APPR-010,2.721,3.54,55.22,2.08,0.5
Moving_Average_28d,FC-Central,SKU-ELEC-001,6.36,7.858,22.56,-56.04,-2.37
Moving_Average_28d,FC-Central,SKU-ELEC-002,6.285,8.87,18.44,22.68,0.79
Moving_Average_28d,FC-Central,SKU-ELEC-003,5.077,6.3,28.09,-34.84,-2.3
Moving_Average_28d,FC-Central,SKU-ELEC-004,9.119,11.276,21.97,5.04,0.14
Moving_Average_28d,FC-Central,SKU-ELEC-005,14.675,19.298,42.21,-688.12,-23.57
Moving_Average_28d,FC-Central,SKU-ELEC-006,4.451,5.837,24.93,-58.0,-3.87
Moving_Average_28d,FC-Central,SKU-ELEC-007,2.815,3.486,29.6,7.96,1.0
Moving_Average_28d,FC-Central,SKU-ELEC-008,20.958,28.873,37.2,-1125.2,-23.77
Moving_Average_28d,FC-Central,SKU-ELEC-009,3.412,4.466,125.17,-58.2,-25.41
Moving_Average_28d,FC-Central,SKU-ELEC-010,3.389,4.474,54.85,-11.08,-2.13
Moving_Average_28d,FC-Central,SKU-GROC-001,9.511,13.172,15.58,-113.08,-2.2
Moving_Average_28d,FC-Central,SKU-GROC-002,7.66,9.417,16.71,-6.04,-0.16
Moving_Average_28d,FC-Central,SKU-GROC-003,8.579,10.891,19.1,-2.08,-0.06
Moving_Average_28d,FC-Central,SKU-GROC-004,7.979,10.605,26.28,24.88,0.98
Moving_Average_28d,FC-Central,SKU-GROC-005,30.347,50.041,52.51,-1519.92,-31.31
Moving_Average_28d,FC-Central,SKU-GROC-006,10.203,12.604,28.84,88.96,2.99
Moving_Average_28d,FC-Central,SKU-GROC-007,3.898,4.835,30.15,52.76,4.86
Moving_Average_28d,FC-Central,SKU-GROC-008,24.316,34.859,46.99,-1462.16,-33.64
Moving_Average_28d,FC-Central,SKU-GROC-009,3.332,3.937,154.63,27.88,15.4
Moving_Average_28d,FC-Central,SKU-GROC-010,3.137,4.667,53.78,44.24,9.03
Moving_Average_28d,FC-Central,SKU-HLTH-001,8.972,12.046,17.89,-53.88,-1.28
Moving_Average_28d,FC-Central,SKU-HLTH-002,14.555,18.526,41.87,-13.04,-0.45
Moving_Average_28d,FC-Central,SKU-HLTH-003,7.604,9.897,19.42,-222.04,-6.75
Moving_Average_28d,FC-Central,SKU-HLTH-004,6.28,8.414,20.6,12.76,0.5
Moving_Average_28d,FC-Central,SKU-HLTH-005,17.595,26.029,40.32,-845.0,-23.05
Moving_Average_28d,FC-Central,SKU-HLTH-006,7.531,9.775,28.79,19.2,0.87
Moving_Average_28d,FC-Central,SKU-HLTH-007,3.252,4.017,38.2,73.76,10.32
Moving_Average_28d,FC-Central,SKU-HLTH-008,14.326,20.379,39.52,-775.04,-25.45
Moving_Average_28d,FC-Central,SKU-HLTH-009,2.811,3.4,146.68,12.04,7.48
Moving_Average_28d,FC-Central,SKU-HLTH-010,2.909,4.399,51.88,9.2,1.95
Moving_Average_28d,FC-Central,SKU-HOME-001,4.707,6.019,20.97,2.04,0.11
Moving_Average_28d,FC-Central,SKU-HOME-002,15.192,19.788,29.79,-904.12,-21.1
Moving_Average_28d,FC-Central,SKU-HOME-003,5.699,6.769,24.23,-11.8,-0.6
Moving_Average_28d,FC-Central,SKU-HOME-004,5.584,7.709,27.77,8.08,0.48
Moving_Average_28d,FC-Central,SKU-HOME-005,5.696,7.233,22.51,-97.96,-4.61
Moving_Average_28d,FC-Central,SKU-HOME-006,8.801,12.285,36.84,-526.08,-26.21
Moving_Average_28d,FC-Central,SKU-HOME-007,1.959,2.522,33.04,25.04,5.03
Moving_Average_28d,FC-Central,SKU-HOME-008,16.784,21.758,43.29,-709.0,-21.77
Moving_Average_28d,FC-Central,SKU-HOME-009,2.969,3.802,126.59,-36.84,-18.7
Moving_Average_28d,FC-Central,SKU-HOME-010,5.437,7.058,47.04,-88.72,-9.14
Moving_Average_28d,FC-East,SKU-APPR-001,12.082,15.779,18.92,132.24,2.46
Moving_Average_28d,FC-East,SKU-APPR-002,24.835,41.648,44.32,-1201.12,-25.52
Moving_Average_28d,FC-East,SKU-APPR-003,16.693,21.973,34.2,10.96,0.27
Moving_Average_28d,FC-East,SKU-APPR-004,17.245,23.025,22.47,-142.08,-2.2
Moving_Average_28d,FC-East,SKU-APPR-005,15.829,21.151,43.75,579.16,19.06
Moving_Average_28d,FC-East,SKU-APPR-006,10.529,13.889,38.17,29.12,1.26
Moving_Average_28d,FC-East,SKU-APPR-007,4.058,5.368,37.21,21.16,2.31
Moving_Average_28d,FC-East,SKU-APPR-008,29.105,45.548,43.77,-1087.8,-19.47
Moving_Average_28d,FC-East,SKU-APPR-009,3.817,4.329,145.75,14.08,6.4
Moving_Average_28d,FC-East,SKU-APPR-010,3.968,6.373,54.74,-15.96,-2.62
Moving_Average_28d,FC-East,SKU-ELEC-001,8.262,10.657,20.65,54.04,1.61
Moving_Average_28d,FC-East,SKU-ELEC-002,10.536,12.702,20.69,143.08,3.35
Moving_Average_28d,FC-East,SKU-ELEC-003,7.081,8.788,26.51,-34.24,-1.53
Moving_Average_28d,FC-East,SKU-ELEC-004,11.682,15.588,19.2,12.16,0.24
Moving_Average_28d,FC-East,SKU-ELEC-005,20.23,30.986,38.23,-1049.72,-23.62
Moving_Average_28d,FC-East,SKU-ELEC-006,6.603,8.48,25.28,133.36,6.08
Moving_Average_28d,FC-East,SKU-ELEC-007,4.007,5.686,27.36,-62.96,-5.12
Moving_Average_28d,FC-East,SKU-ELEC-008,29.694,41.575,36.9,-1583.08,-23.42
Moving_Average_28d,FC-East,SKU-ELEC-009,4.563,5.733,133.54,-58.8,-20.49
Moving_Average_28d,FC-East,SKU-ELEC-010,5.08,6.255,53.95,8.12,1.03
Moving_Average_28d,FC-East,SKU-GROC-001,17.207,23.593,19.19,-188.88,-2.51
Moving_Average_28d,FC-East,SKU-GROC-002,12.082,15.973,18.51,-46.92,-0.86
Moving_Average_28d,FC-East,SKU-GROC-003,15.51,19.371,22.3,15.04,0.26
Moving_Average_28d,FC-East,SKU-GROC-004,11.432,16.537,26.9,113.12,3.17
Moving_Average_28d,FC-East,SKU-GROC-005,37.618,51.752,46.04,-1518.92,-22.13
Moving_Average_28d,FC-East,SKU-GROC-006,16.487,21.831,28.51,71.96,1.48
Moving_Average_28d,FC-East,SKU-GROC-007,5.298,6.265,28.36,71.24,4.54
Moving_Average_28d,FC-East,SKU-GROC-008,31.839,44.982,45.79,-1311.16,-22.45
Moving_Average_28d,FC-East,SKU-GROC-009,4.943,5.797,140.27,-10.96,-3.7
Moving_Average_28d,FC-East,SKU-GROC-010,4.01,5.338,53.46,55.16,8.76
Moving_Average_28d,FC-East,SKU-HLTH-001,12.463,15.433,16.65,13.12,0.21
Moving_Average_28d,FC-East,SKU-HLTH-002,20.62,26.562,39.93,26.92,0.62
Moving_Average_28d,FC-East,SKU-HLTH-003,12.906,17.015,23.01,148.96,3.16
Moving_Average_28d,FC-East,SKU-HLTH-004,9.458,11.902,20.4,-50.04,-1.28
Moving_Average_28d,FC-East,SKU-HLTH-005,24.884,35.35,39.7,-810.76,-15.4
Moving_Average_28d,FC-East,SKU-HLTH-006,10.022,12.66,26.76,110.12,3.5
Moving_Average_28d,FC-East,SKU-HLTH-007,4.293,5.483,37.22,4.0,0.41
Moving_Average_28d,FC-East,SKU-HLTH-008,20.687,30.831,43.03,-973.96,-24.12
Moving_Average_28d,FC-East,SKU-HLTH-009,3.175,4.242,161.62,6.92,4.19
Moving_Average_28d,FC-East,SKU-HLTH-010,4.252,5.86,54.69,61.0,9.34
Moving_Average_28d,FC-East,SKU-HOME-001,6.765,8.504,20.49,-7.88,-0.28
Moving_Average_28d,FC-East,SKU-HOME-002,23.569,30.98,30.33,-1475.12,-22.6
Moving_Average_28d,FC-East,SKU-HOME-003,8.124,10.656,22.76,-93.16,-3.11
Moving_Average_28d,FC-East,SKU-HOME-004,7.67,11.121,27.67,19.24,0.83
Moving_Average_28d,FC-East,SKU-HOME-005,6.561,8.624,17.79,-82.96,-2.68
Moving_Average_28d,FC-East,SKU-HOME-006,11.607,17.61,32.92,-748.04,-25.25
Moving_Average_28d,FC-East,SKU-HOME-007,2.33,3.148,28.91,23.84,3.52
Moving_Average_28d,FC-East,SKU-HOME-008,23.613,36.216,39.95,-1244.92,-25.07
Moving_Average_28d,FC-East,SKU-HOME-009,3.056,4.036,158.46,-4.92,-3.04
Moving_Average_28d,FC-East,SKU-HOME-010,6.162,9.41,39.15,-114.08,-8.63
Moving_Average_28d,FC-West,SKU-APPR-001,15.278,19.824,24.63,-164.12,-3.15
Moving_Average_28d,FC-West,SKU-APPR-002,24.769,36.102,47.22,-781.12,-17.73
Moving_Average_28d,FC-West,SKU-APPR-003,13.243,16.992,32.51,-9.92,-0.29
Moving_Average_28d,FC-West,SKU-APPR-004,13.08,17.197,19.2,-113.88,-1.99
Moving_Average_28d,FC-West,SKU-APPR-005,14.115,17.845,44.67,581.96,21.93
Moving_Average_28d,FC-West,SKU-APPR-006,10.633,13.828,39.86,-120.0,-5.35
Moving_Average_28d,FC-West,SKU-APPR-007,3.733,4.915,39.2,41.96,5.25
Moving_Average_28d,FC-West,SKU-APPR-008,25.094,38.067,41.38,-1224.68,-24.04
Moving_Average_28d,FC-West,SKU-APPR-009,3.42,4.315,149.64,-4.96,-2.58
Moving_Average_28d,FC-West,SKU-APPR-010,3.552,5.99,58.04,47.12,9.17
Moving_Average_28d,FC-West,SKU-ELEC-001,8.346,10.701,24.28,60.28,2.09
Moving_Average_28d,FC-West,SKU-ELEC-002,9.46,11.782,21.29,49.8,1.33
Moving_Average_28d,FC-West,SKU-ELEC-003,5.062,6.987,22.65,-19.2,-1.02
Moving_Average_28d,FC-West,SKU-ELEC-004,10.598,13.854,19.48,-49.8,-1.09
Moving_Average_28d,FC-West,SKU-ELEC-005,19.252,26.116,40.17,-942.64,-23.41
Moving_Average_28d,FC-West,SKU-ELEC-006,7.269,9.236,28.72,-12.0,-0.56
Moving_Average_28d,FC-West,SKU-ELEC-007,4.005,5.111,33.54,59.88,5.97
Moving_Average_28d,FC-West,SKU-ELEC-008,29.356,40.979,39.3,-1525.08,-24.3
Moving_Average_28d,FC-West,SKU-ELEC-009,4.69,5.457,133.56,15.8,5.36
Moving_Average_28d,FC-West,SKU-ELEC-010,3.542,4.537,49.42,35.84,5.95
Moving_Average_28d,FC-West,SKU-GROC-001,15.45,19.974,19.89,15.08,0.23
Moving_Average_28d,FC-West,SKU-GROC-002,10.734,13.14,19.25,64.96,1.39
Moving_Average_28d,FC-West,SKU-GROC-003,10.805,14.805,17.96,46.92,0.93
Moving_Average_28d,FC-West,SKU-GROC-004,11.931,16.115,28.34,-121.12,-3.43
Moving_Average_28d,FC-West,SKU-GROC-005,33.357,47.351,49.37,-1110.16,-19.56
Moving_Average_28d,FC-West,SKU-GROC-006,13.041,16.466,29.17,-72.88,-1.94
Moving_Average_28d,FC-West,SKU-GROC-007,4.9,6.302,28.48,9.88,0.68
Moving_Average_28d,FC-West,SKU-GROC-008,40.26,62.411,57.11,-1573.04,-26.56
Moving_Average_28d,FC-West,SKU-GROC-009,4.415,5.353,150.75,-0.72,-0.29
Moving_Average_28d,FC-West,SKU-GROC-010,4.021,6.803,50.79,-20.72,-3.12
Moving_Average_28d,FC-West,SKU-HLTH-001,11.388,14.095,17.44,-51.16,-0.93
Moving_Average_28d,FC-West,SKU-HLTH-002,13.924,17.358,34.39,-31.76,-0.93
Moving_Average_28d,FC-West,SKU-HLTH-003,11.468,14.501,23.14,0.04,0.0
Moving_Average_28d,FC-West,SKU-HLTH-004,8.485,10.418,20.83,-11.04,-0.32
Moving_Average_28d,FC-West,SKU-HLTH-005,21.626,33.343,38.62,-1136.24,-24.15
Moving_Average_28d,FC-West,SKU-HLTH-006,9.004,10.805,27.61,52.04,1.9
Moving_Average_28d,FC-West,SKU-HLTH-007,3.549,4.769,34.35,51.24,5.9
Moving_Average_28d,FC-West,SKU-HLTH-008,15.808,22.806,36.77,-1022.96,-28.33
Moving_Average_28d,FC-West,SKU-HLTH-009,3.591,4.349,120.18,-37.08,-14.77
Moving_Average_28d,FC-West,SKU-HLTH-010,4.154,7.11,57.39,4.92,0.81
Moving_Average_28d,FC-West,SKU-HOME-001,6.81,9.158,22.57,14.84,0.59
Moving_Average_28d,FC-West,SKU-HOME-002,17.983,25.624,27.65,-1238.92,-22.68
Moving_Average_28d,FC-West,SKU-HOME-003,6.185,7.726,19.75,4.92,0.19
Moving_Average_28d,FC-West,SKU-HOME-004,6.201,7.706,25.96,92.72,4.62
Moving_Average_28d,FC-West,SKU-HOME-005,5.74,7.403,17.84,17.92,0.66
Moving_Average_28d,FC-West,SKU-HOME-006,9.411,14.835,30.44,-593.88,-22.87
Moving_Average_28d,FC-West,SKU-HOME-007,2.288,2.897,29.75,10.04,1.55
Moving_Average_28d,FC-West,SKU-HOME-008,21.282,29.456,41.11,-1219.84,-28.06
Moving_Average_28d,FC-West,SKU-HOME-009,3.168,4.12,140.8,-26.04,-13.78
Moving_Average_28d,FC-West,SKU-HOME-010,5.082,6.084,40.62,-49.72,-4.73
Moving_Average_7d,FC-Central,SKU-APPR-001,10.141,12.929,22.2,-29.0,-0.76
Moving_Average_7d,FC-Central,SKU-APPR-002,20.513,28.346,50.62,-396.24,-11.64
Moving_Average_7d,FC-Central,SKU-APPR-003,10.465,13.867,36.7,-278.76,-11.64
Moving_Average_7d,FC-Central,SKU-APPR-004,11.432,15.007,21.08,-148.24,-3.25
Moving_Average_7d,FC-Central,SKU-APPR-005,6.896,9.265,29.66,-152.88,-7.83
Moving_Average_7d,FC-Central,SKU-APPR-006,7.184,9.638,35.66,-48.12,-2.84
Moving_Average_7d,FC-Central,SKU-APPR-007,2.38,3.153,32.4,-36.84,-5.97
Moving_Average_7d,FC-Central,SKU-APPR-008,21.15,33.371,44.98,-613.8,-15.54
Moving_Average_7d,FC-Central,SKU-APPR-009,2.124,2.764,166.73,20.96,19.59
Moving_Average_7d,FC-Central,SKU-APPR-010,2.793,3.602,56.67,-5.76,-1.39
Moving_Average_7d,FC-Central,SKU-ELEC-001,6.667,8.164,23.65,-63.88,-2.7
Moving_Average_7d,FC-Central,SKU-ELEC-002,6.559,9.123,19.24,44.8,1.56
Moving_Average_7d,FC-Central,SKU-ELEC-003,5.36,6.465,29.66,133.72,8.81
Moving_Average_7d,FC-Central,SKU-ELEC-004,10.357,12.786,24.96,118.16,3.39
Moving_Average_7d,FC-Central,SKU-ELEC-005,11.394,14.876,32.78,-255.8,-8.76
Moving_Average_7d,FC-Central,SKU-ELEC-006,4.704,6.085,26.34,-123.8,-8.25
Moving_Average_7d,FC-Central,SKU-ELEC-007,2.869,3.46,30.16,37.08,4.64
Moving_Average_7d,FC-Central,SKU-ELEC-008,14.437,21.042,25.62,-529.08,-11.18
Moving_Average_7d,FC-Central,SKU-ELEC-009,3.46,4.735,126.92,2.84,1.24
Moving_Average_7d,FC-Central,SKU-ELEC-010,3.661,4.831,59.25,-15.0,-2.89
Moving_Average_7d,FC-Central,SKU-GROC-001,9.995,13.625,16.37,-212.76,-4.15
Moving_Average_7d,FC-Central,SKU-GROC-002,8.23,10.106,17.95,72.92,1.89
Moving_Average_7d,FC-Central,SKU-GROC-003,8.939,11.329,19.91,-172.04,-4.56
Moving_Average_7d,FC-Central,SKU-GROC-004,8.241,11.153,27.15,13.96,0.55
Moving_Average_7d,FC-Central,SKU-GROC-005,32.766,49.704,56.69,-586.96,-12.09
Moving_Average_7d,FC-Central,SKU-GROC-006,10.95,13.061,30.95,336.2,11.31
Moving_Average_7d,FC-Central,SKU-GROC-007,4.047,4.949,31.3,77.96,7.18
Moving_Average_7d,FC-Central,SKU-GROC-008,23.814,32.558,46.02,-938.84,-21.6
Moving_Average_7d,FC-Central,SKU-GROC-009,3.025,3.981,140.36,-33.16,-18.32
Moving_Average_7d,FC-Central,SKU-GROC-010,2.833,4.665,48.57,-42.0,-8.57
Moving_Average_7d,FC-Central,SKU-HLTH-001,10.368,12.458,20.67,290.8,6.9
Moving_Average_7d,FC-Central,SKU-HLTH-002,16.528,20.601,47.55,380.08,13.02
Moving_Average_7d,FC-Central,SKU-HLTH-003,7.5,9.649,19.15,-238.0,-7.23
Moving_Average_7d,FC-Central,SKU-HLTH-004,6.322,8.512,20.74,43.0,1.68
Moving_Average_7d,FC-Central,SKU-HLTH-005,17.279,24.99,39.59,-689.88,-18.82
Moving_Average_7d,FC-Central,SKU-HLTH-006,8.601,11.067,32.89,175.16,7.97
Moving_Average_7d,FC-Central,SKU-HLTH-007,2.94,3.937,34.55,-34.88,-4.88
Moving_Average_7d,FC-Central,SKU-HLTH-008,11.931,16.948,32.91,-493.08,-16.19
Moving_Average_7d,FC-Central,SKU-HLTH-009,3.096,3.933,161.54,54.88,34.09
Moving_Average_7d,FC-Central,SKU-HLTH-010,3.528,4.865,62.93,112.8,23.95
Moving_Average_7d,FC-Central,SKU-HOME-001,5.36,6.668,23.87,82.12,4.35
Moving_Average_7d,FC-Central,SKU-HOME-002,14.771,19.025,28.96,-675.92,-15.78
Moving_Average_7d,FC-Central,SKU-HOME-003,5.472,7.019,23.26,-163.84,-8.29
Moving_Average_7d,FC-Central,SKU-HOME-004,5.42,7.514,26.96,-24.96,-1.48
Moving_Average_7d,FC-Central,SKU-HOME-005,5.905,7.519,23.33,-153.96,-7.24
Moving_Average_7d,FC-Central,SKU-HOME-006,8.202,11.039,34.33,-290.88,-14.49
Moving_Average_7d,FC-Central,SKU-HOME-007,2.18,2.691,36.76,62.0,12.45
Moving_Average_7d,FC-Central,SKU-HOME-008,14.159,18.12,36.52,-465.12,-14.28
Moving_Average_7d,FC-Central,SKU-HOME-009,3.155,4.113,134.52,-29.0,-14.72
Moving_Average_7d,FC-Central,SKU-HOME-010,5.365,6.843,46.42,-79.2,-8.16
Moving_Average_7d,FC-East,SKU-APPR-001,13.083,16.775,20.48,203.08,3.79
Moving_Average_7d,FC-East,SKU-APPR-002,24.756,41.269,44.18,-1202.8,-25.55
Moving_Average_7d,FC-East,SKU-APPR-003,19.525,25.304,40.0,-188.12,-4.59
Moving_Average_7d,FC-East,SKU-APPR-004,18.255,23.864,23.79,-170.08,-2.64
Moving_Average_7d,FC-East,SKU-APPR-005,12.844,17.463,35.5,153.0,5.03
Moving_Average_7d,FC-East,SKU-APPR-006,11.32,14.301,41.04,238.84,10.31
Moving_Average_7d,FC-East,SKU-APPR-007,4.275,5.677,39.21,11.92,1.3
Moving_Average_7d,FC-East,SKU-APPR-008,31.748,44.607,47.74,-49.84,-0.89
Moving_Average_7d,FC-East,SKU-APPR-009,3.612,4.294,137.92,-24.0,-10.91
Moving_Average_7d,FC-East,SKU-APPR-010,4.421,6.781,60.98,19.04,3.13
Moving_Average_7d,FC-East,SKU-ELEC-001,8.511,11.412,21.28,-40.04,-1.19
Moving_Average_7d,FC-East,SKU-ELEC-002,11.675,13.767,22.93,455.0,10.64
Moving_Average_7d,FC-East,SKU-ELEC-003,8.016,9.404,30.01,243.8,10.86
Moving_Average_7d,FC-East,SKU-ELEC-004,13.981,17.065,22.98,368.88,7.22
Moving_Average_7d,FC-East,SKU-ELEC-005,18.106,26.885,34.22,-141.12,-3.17
Moving_Average_7d,FC-East,SKU-ELEC-006,7.03,9.1,26.91,26.12,1.19
Moving_Average_7d,FC-East,SKU-ELEC-007,4.37,6.358,29.84,-229.84,-18.69
Moving_Average_7d,FC-East,SKU-ELEC-008,20.707,31.497,25.73,-267.92,-3.96
Moving_Average_7d,FC-East,SKU-ELEC-009,4.945,5.695,144.74,-2.8,-0.98
Moving_Average_7d,FC-East,SKU-ELEC-010,5.041,6.112,53.53,21.0,2.65
Moving_Average_7d,FC-East,SKU-GROC-001,17.45,23.388,19.46,30.92,0.41
Moving_Average_7d,FC-East,SKU-GROC-002,12.177,16.825,18.66,-170.12,-3.1
Moving_Average_7d,FC-East,SKU-GROC-003,15.578,20.142,22.4,-349.8,-5.99
Moving_Average_7d,FC-East,SKU-GROC-004,11.023,16.446,25.94,-34.16,-0.96
Moving_Average_7d,FC-East,SKU-GROC-005,43.031,53.463,52.67,-827.04,-12.05
Moving_Average_7d,FC-East,SKU-GROC-006,18.425,22.957,31.86,409.92,8.44
Moving_Average_7d,FC-East,SKU-GROC-007,6.046,7.167,32.37,131.16,8.36
Moving_Average_7d,FC-East,SKU-GROC-008,27.128,38.921,39.01,-325.0,-5.56
Moving_Average_7d,FC-East,SKU-GROC-009,5.175,6.164,146.85,12.28,4.15
Moving_Average_7d,FC-East,SKU-GROC-010,3.922,5.644,52.29,-42.0,-6.67
Moving_Average_7d,FC-East,SKU-HLTH-001,12.687,15.812,16.95,-196.04,-3.12
Moving_Average_7d,FC-East,SKU-HLTH-002,21.367,27.719,41.38,14.04,0.32
Moving_Average_7d,FC-East,SKU-HLTH-003,12.738,17.421,22.71,-159.04,-3.38
Moving_Average_7d,FC-East,SKU-HLTH-004,9.284,11.651,20.02,-27.08,-0.7
Moving_Average_7d,FC-East,SKU-HLTH-005,28.926,38.42,46.15,-548.96,-10.43
Moving_Average_7d,FC-East,SKU-HLTH-006,9.738,13.009,26.0,-150.0,-4.77
Moving_Average_7d,FC-East,SKU-HLTH-007,4.271,5.533,37.02,-1.04,-0.11
Moving_Average_7d,FC-East,SKU-HLTH-008,16.789,26.498,34.92,-745.76,-18.47
Moving_Average_7d,FC-East,SKU-HLTH-009,3.646,4.502,185.62,75.24,45.6
Moving_Average_7d,FC-East,SKU-HLTH-010,4.682,6.462,60.22,62.96,9.64
Moving_Average_7d,FC-East,SKU-HOME-001,7.422,9.151,22.47,73.88,2.66
Moving_Average_7d,FC-East,SKU-HOME-002,20.871,27.845,26.86,-1040.28,-15.94
Moving_Average_7d,FC-East,SKU-HOME-003,9.252,11.279,25.91,264.68,8.83
Moving_Average_7d,FC-East,SKU-HOME-004,7.929,11.184,28.61,92.04,3.95
Moving_Average_7d,FC-East,SKU-HOME-005,6.731,8.601,18.25,69.92,2.26
Moving_Average_7d,FC-East,SKU-HOME-006,11.235,16.331,31.86,-421.84,-14.24
Moving_Average_7d,FC-East,SKU-HOME-007,2.563,3.424,31.8,15.16,2.24
Moving_Average_7d,FC-East,SKU-HOME-008,22.216,32.205,37.59,-329.04,-6.63
Moving_Average_7d,FC-East,SKU-HOME-009,3.202,4.068,166.05,22.24,13.73
Moving_Average_7d,FC-East,SKU-HOME-010,7.283,9.931,46.28,122.24,9.25
Moving_Average_7d,FC-West,SKU-APPR-001,17.166,21.436,27.68,437.88,8.4
Moving_Average_7d,FC-West,SKU-APPR-002,27.915,38.03,53.22,-173.8,-3.94
Moving_Average_7d,FC-West,SKU-APPR-003,14.392,17.743,35.33,177.96,5.2
Moving_Average_7d,FC-West,SKU-APPR-004,13.952,17.481,20.48,261.88,4.58
Moving_Average_7d,FC-West,SKU-APPR-005,11.078,14.508,35.06,174.0,6.56
Moving_Average_7d,FC-West,SKU-APPR-006,10.914,14.317,40.91,-216.88,-9.68
Moving_Average_7d,FC-West,SKU-APPR-007,3.744,4.962,39.31,39.72,4.97
Moving_Average_7d,FC-West,SKU-APPR-008,25.629,37.992,42.26,-1142.08,-22.42
Moving_Average_7d,FC-West,SKU-APPR-009,2.993,4.566,130.94,-76.08,-39.62
Moving_Average_7d,FC-West,SKU-APPR-010,3.435,6.05,56.14,-14.2,-2.76
Moving_Average_7d,FC-West,SKU-ELEC-001,9.844,12.484,28.64,264.96,9.18
Moving_Average_7d,FC-West,SKU-ELEC-002,9.818,11.971,22.09,187.0,5.01
Moving_Average_7d,FC-West,SKU-ELEC-003,5.266,7.153,23.57,-25.08,-1.34
Moving_Average_7d,FC-West,SKU-ELEC-004,11.535,14.831,21.21,-216.96,-4.75
Moving_Average_7d,FC-West,SKU-ELEC-005,14.34,20.418,29.92,-462.16,-11.48
Moving_Average_7d,FC-West,SKU-ELEC-006,7.197,9.061,28.44,-97.96,-4.61
Moving_Average_7d,FC-West,SKU-ELEC-007,3.862,4.994,32.34,48.96,4.88
Moving_Average_7d,FC-West,SKU-ELEC-008,22.322,31.482,29.88,-475.08,-7.57
Moving_Average_7d,FC-West,SKU-ELEC-009,4.471,5.557,127.32,-43.0,-14.58
Moving_Average_7d,FC-West,SKU-ELEC-010,3.398,4.593,47.41,-42.0,-6.98
Moving_Average_7d,FC-West,SKU-GROC-001,17.693,21.637,22.77,318.04,4.87
Moving_Average_7d,FC-West,SKU-GROC-002,10.727,13.216,19.24,-35.0,-0.75
Moving_Average_7d,FC-West,SKU-GROC-003,11.27,15.254,18.74,-65.08,-1.29
Moving_Average_7d,FC-West,SKU-GROC-004,11.313,15.478,26.88,-155.84,-4.41
Moving_Average_7d,FC-West,SKU-GROC-005,30.746,43.318,45.51,-834.92,-14.71
Moving_Average_7d,FC-West,SKU-GROC-006,12.327,16.107,27.57,-328.24,-8.74
Moving_Average_7d,FC-West,SKU-GROC-007,4.696,6.36,27.3,-76.92,-5.32
Moving_Average_7d,FC-West,SKU-GROC-008,37.17,58.459,52.72,-1093.96,-18.47
Moving_Average_7d,FC-West,SKU-GROC-009,4.017,6.118,137.15,-118.04,-47.98
Moving_Average_7d,FC-West,SKU-GROC-010,3.978,7.0,50.25,-112.84,-16.97
Moving_Average_7d,FC-West,SKU-HLTH-001,11.769,14.469,18.03,39.84,0.73
Moving_Average_7d,FC-West,SKU-HLTH-002,13.777,17.295,34.03,-49.12,-1.44
Moving_Average_7d,FC-West,SKU-HLTH-003,11.59,14.637,23.39,-19.0,-0.46
Moving_Average_7d,FC-West,SKU-HLTH-004,7.667,9.928,18.82,-65.92,-1.93
Moving_Average_7d,FC-West,SKU-HLTH-005,21.857,32.922,39.03,-788.2,-16.76
Moving_Average_7d,FC-West,SKU-HLTH-006,9.217,10.991,28.27,136.88,5.0
Moving_Average_7d,FC-West,SKU-HLTH-007,3.347,4.89,32.39,-24.08,-2.77
Moving_Average_7d,FC-West,SKU-HLTH-008,13.341,20.184,31.03,-790.84,-21.9
Moving_Average_7d,FC-West,SKU-HLTH-009,3.318,4.584,111.04,-123.04,-49.02
Moving_Average_7d,FC-West,SKU-HLTH-010,4.363,7.375,60.28,-35.96,-5.91
Moving_Average_7d,FC-West,SKU-HOME-001,6.745,9.3,22.36,-130.2,-5.14
Moving_Average_7d,FC-West,SKU-HOME-002,17.62,25.152,27.09,-1138.96,-20.85
Moving_Average_7d,FC-West,SKU-HOME-003,6.672,8.117,21.3,-98.96,-3.76
Moving_Average_7d,FC-West,SKU-HOME-004,6.814,8.489,28.52,121.0,6.03
Moving_Average_7d,FC-West,SKU-HOME-005,6.31,7.761,19.62,122.08,4.52
Moving_Average_7d,FC-West,SKU-HOME-006,10.454,15.865,33.81,-736.96,-28.38
Moving_Average_7d,FC-West,SKU-HOME-007,2.555,3.175,33.22,57.92,8.97
Moving_Average_7d,FC-West,SKU-HOME-008,18.415,23.834,35.58,-299.76,-6.89
Moving_Average_7d,FC-West,SKU-HOME-009,2.484,4.366,110.41,-141.12,-74.67
Moving_Average_7d,FC-West,SKU-HOME-010,5.338,6.296,42.66,-27.04,-2.57
Naive,FC-Central,SKU-APPR-001,11.107,14.423,24.32,-477.0,-12.43
Naive,FC-Central,SKU-APPR-002,24.905,36.735,61.46,-1780.0,-52.29
Naive,FC-Central,SKU-APPR-003,12.702,15.58,44.55,41.0,1.71
Naive,FC-Central,SKU-APPR-004,15.095,19.74,27.83,-972.0,-21.33
Naive,FC-Central,SKU-APPR-005,8.321,11.119,35.79,-301.0,-15.41
Naive,FC-Central,SKU-APPR-006,9.667,12.667,47.99,-656.0,-38.77
Naive,FC-Central,SKU-APPR-007,2.917,3.975,39.71,-169.0,-27.39
Naive,FC-Central,SKU-APPR-008,19.833,32.259,42.18,-842.0,-21.32
Naive,FC-Central,SKU-APPR-009,2.012,3.194,157.94,-23.0,-21.5
Naive,FC-Central,SKU-APPR-010,3.048,4.163,61.84,-162.0,-39.13
Naive,FC-Central,SKU-ELEC-001,9.214,10.964,32.69,40.0,1.69
Naive,FC-Central,SKU-ELEC-002,10.393,12.853,30.49,525.0,18.34
Naive,FC-Central,SKU-ELEC-003,5.929,7.058,32.81,50.0,3.29
Naive,FC-Central,SKU-ELEC-004,9.524,12.938,22.95,-518.0,-14.86
Naive,FC-Central,SKU-ELEC-005,12.262,16.137,35.27,-736.0,-25.21
Naive,FC-Central,SKU-ELEC-006,5.095,6.913,28.53,-296.0,-19.73
Naive,FC-Central,SKU-ELEC-007,3.155,3.784,33.17,-15.0,-1.88
Naive,FC-Central,SKU-ELEC-008,20.655,28.524,36.66,-1205.0,-25.46
Naive,FC-Central,SKU-ELEC-009,5.179,7.116,189.96,51.0,22.27
Naive,FC-Central,SKU-ELEC-010,3.56,5.257,57.61,-183.0,-35.26
Naive,FC-Central,SKU-GROC-001,12.155,16.484,19.91,-733.0,-14.29
Naive,FC-Central,SKU-GROC-002,9.893,12.65,21.58,-379.0,-9.84
Naive,FC-Central,SKU-GROC-003,17.286,20.697,38.49,-1364.0,-36.16
Naive,FC-Central,SKU-GROC-004,8.929,12.411,29.41,-478.0,-18.75
Naive,FC-Central,SKU-GROC-005,36.512,48.552,63.17,493.0,10.15
Naive,FC-Central,SKU-GROC-006,14.31,16.985,40.44,724.0,24.36
Naive,FC-Central,SKU-GROC-007,4.571,6.275,35.36,-330.0,-30.39
Naive,FC-Central,SKU-GROC-008,25.417,34.729,49.11,-1631.0,-37.52
Naive,FC-Central,SKU-GROC-009,4.179,6.393,193.92,127.0,70.17
Naive,FC-Central,SKU-GROC-010,3.905,5.54,66.94,-14.0,-2.86
Naive,FC-Central,SKU-HLTH-001,13.036,16.441,25.99,-433.0,-10.28
Naive,FC-Central,SKU-HLTH-002,15.405,20.332,44.32,-400.0,-13.7
Naive,FC-Central,SKU-HLTH-003,12.119,14.344,30.94,-490.0,-14.89
Naive,FC-Central,SKU-HLTH-004,6.583,9.01,21.59,-209.0,-8.16
Naive,FC-Central,SKU-HLTH-005,22.595,29.605,51.77,-586.0,-15.98
Naive,FC-Central,SKU-HLTH-006,12.131,15.683,46.38,435.0,19.8
Naive,FC-Central,SKU-HLTH-007,2.964,4.087,34.83,-99.0,-13.85
Naive,FC-Central,SKU-HLTH-008,14.536,20.076,40.1,-945.0,-31.03
Naive,FC-Central,SKU-HLTH-009,1.917,3.881,100.0,-161.0,-100.0
Naive,FC-Central,SKU-HLTH-010,4.25,5.515,75.8,89.0,18.9
Naive,FC-Central,SKU-HOME-001,5.214,6.887,23.22,-150.0,-7.95
Naive,FC-Central,SKU-HOME-002,19.976,25.273,39.17,-448.0,-10.46
Naive,FC-Central,SKU-HOME-003,6.857,8.89,29.15,-408.0,-20.65
Naive,FC-Central,SKU-HOME-004,7.821,10.598,38.9,-625.0,-37.0
Naive,FC-Central,SKU-HOME-005,6.31,8.619,24.93,-390.0,-18.34
Naive,FC-Central,SKU-HOME-006,10.226,14.19,42.8,-719.0,-35.82
Naive,FC-Central,SKU-HOME-007,3.024,4.015,51.0,90.0,18.07
Naive,FC-Central,SKU-HOME-008,13.202,17.832,34.05,-793.0,-24.35
Naive,FC-Central,SKU-HOME-009,2.655,4.176,113.2,-113.0,-57.36
Naive,FC-Central,SKU-HOME-010,6.798,8.847,58.81,-383.0,-39.44
Naive,FC-East,SKU-APPR-001,17.774,22.832,27.83,-493.0,-9.19
Naive,FC-East,SKU-APPR-002,28.893,44.234,51.56,-1795.0,-38.13
Naive,FC-East,SKU-APPR-003,19.357,27.262,39.66,-1020.0,-24.88
Naive,FC-East,SKU-APPR-004,22.5,29.646,29.32,-1126.0,-17.47
Naive,FC-East,SKU-APPR-005,19.155,24.421,52.95,-1583.0,-52.09
Naive,FC-East,SKU-APPR-006,10.845,15.751,39.32,-525.0,-22.66
Naive,FC-East,SKU-APPR-007,4.857,6.812,44.54,-328.0,-35.81
Naive,FC-East,SKU-APPR-008,78.048,101.37,117.36,1722.0,30.83
Naive,FC-East,SKU-APPR-009,4.429,6.281,169.09,32.0,14.55
Naive,FC-East,SKU-APPR-010,4.726,7.343,65.19,-217.0,-35.63
Naive,FC-East,SKU-ELEC-001,9.357,12.852,23.39,-560.0,-16.67
Naive,FC-East,SKU-ELEC-002,13.06,15.53,25.65,455.0,10.64
Naive,FC-East,SKU-ELEC-003,10.857,13.293,40.64,332.0,14.8
Naive,FC-East,SKU-ELEC-004,15.845,21.207,26.04,-1191.0,-23.3
Naive,FC-East,SKU-ELEC-005,17.56,27.469,33.18,-357.0,-8.03
Naive,FC-East,SKU-ELEC-006,6.167,8.279,23.61,-38.0,-1.73
Naive,FC-East,SKU-ELEC-007,4.786,6.55,32.68,-110.0,-8.94
Naive,FC-East,SKU-ELEC-008,23.286,36.789,28.93,-1608.0,-23.79
Naive,FC-East,SKU-ELEC-009,3.417,6.636,100.0,-287.0,-100.0
Naive,FC-East,SKU-ELEC-010,7.202,8.913,76.49,329.0,41.59
Naive,FC-East,SKU-GROC-001,22.226,30.521,24.78,-1681.0,-22.32
Naive,FC-East,SKU-GROC-002,20.595,26.355,31.56,-1422.0,-25.94
Naive,FC-East,SKU-GROC-003,19.357,24.906,27.83,-1362.0,-23.31
Naive,FC-East,SKU-GROC-004,11.762,17.562,27.68,-42.0,-1.18
Naive,FC-East,SKU-GROC-005,58.798,68.672,71.97,1733.0,25.25
Naive,FC-East,SKU-GROC-006,17.19,22.632,29.72,-686.0,-14.12
Naive,FC-East,SKU-GROC-007,9.083,11.218,48.63,307.0,19.57
Naive,FC-East,SKU-GROC-008,31.44,44.703,45.21,-885.0,-15.15
Naive,FC-East,SKU-GROC-009,10.31,11.481,292.57,796.0,268.92
Naive,FC-East,SKU-GROC-010,3.619,5.169,48.25,-42.0,-6.67
Naive,FC-East,SKU-HLTH-001,19.881,24.507,26.56,-1444.0,-22.96
Naive,FC-East,SKU-HLTH-002,23.643,32.741,45.78,-1622.0,-37.39
Naive,FC-East,SKU-HLTH-003,14.702,20.42,26.22,-707.0,-15.01
Naive,FC-East,SKU-HLTH-004,11.036,14.127,23.8,-423.0,-10.86
Naive,FC-East,SKU-HLTH-005,23.345,33.026,37.25,-897.0,-17.04
Naive,FC-East,SKU-HLTH-006,14.071,16.7,37.57,690.0,21.93
Naive,FC-East,SKU-HLTH-007,5.607,7.393,48.61,-297.0,-30.65
Naive,FC-East,SKU-HLTH-008,19.19,28.695,39.92,-930.0,-23.03
Naive,FC-East,SKU-HLTH-009,1.964,4.607,100.0,-165.0,-100.0
Naive,FC-East,SKU-HLTH-010,6.036,8.053,77.64,19.0,2.91
Naive,FC-East,SKU-HOME-001,11.286,14.148,34.17,-814.0,-29.34
Naive,FC-East,SKU-HOME-002,29.0,38.783,37.32,-1964.0,-30.09
Naive,FC-East,SKU-HOME-003,8.56,12.246,23.97,-535.0,-17.84
Naive,FC-East,SKU-HOME-004,17.833,22.353,64.35,1032.0,44.33
Naive,FC-East,SKU-HOME-005,6.643,8.873,18.01,-186.0,-6.0
Naive,FC-East,SKU-HOME-006,14.524,19.268,41.19,-106.0,-3.58
Naive,FC-East,SKU-HOME-007,3.56,4.623,44.17,23.0,3.4
Naive,FC-East,SKU-HOME-008,22.893,34.598,38.73,-1381.0,-27.81
Naive,FC-East,SKU-HOME-009,4.571,7.186,237.04,174.0,107.41
Naive,FC-East,SKU-HOME-010,8.357,11.734,53.1,-426.0,-32.22
Naive,FC-West,SKU-APPR-001,20.69,26.696,33.36,-758.0,-14.55
Naive,FC-West,SKU-APPR-002,32.929,45.321,62.78,-2082.0,-47.25
Naive,FC-West,SKU-APPR-003,17.738,21.443,43.54,414.0,12.1
Naive,FC-West,SKU-APPR-004,16.286,20.36,23.91,-794.0,-13.88
Naive,FC-West,SKU-APPR-005,11.857,16.042,37.53,-190.0,-7.16
Naive,FC-West,SKU-APPR-006,14.75,19.038,55.29,447.0,19.95
Naive,FC-West,SKU-APPR-007,8.167,10.324,85.75,404.0,50.5
Naive,FC-West,SKU-APPR-008,34.119,42.707,56.26,1150.0,22.58
Naive,FC-West,SKU-APPR-009,2.286,4.821,100.0,-192.0,-100.0
Naive,FC-West,SKU-APPR-010,4.5,7.031,73.54,-150.0,-29.18
Naive,FC-West,SKU-ELEC-001,12.988,15.632,37.79,-255.0,-8.83
Naive,FC-West,SKU-ELEC-002,14.179,16.463,31.9,383.0,10.26
Naive,FC-West,SKU-ELEC-003,8.774,10.817,39.26,-337.0,-17.95
Naive,FC-West,SKU-ELEC-004,11.75,16.33,21.6,-369.0,-8.08
Naive,FC-West,SKU-ELEC-005,18.524,24.981,38.65,-806.0,-20.02
Naive,FC-West,SKU-ELEC-006,10.262,12.765,40.55,-306.0,-14.39
Naive,FC-West,SKU-ELEC-007,6.155,7.823,51.55,-51.0,-5.08
Naive,FC-West,SKU-ELEC-008,27.75,39.239,37.15,-2103.0,-33.51
Naive,FC-West,SKU-ELEC-009,5.298,7.648,150.85,41.0,13.9
Naive,FC-West,SKU-ELEC-010,3.929,4.911,54.82,14.0,2.33
Naive,FC-West,SKU-GROC-001,15.405,20.108,19.83,-2.0,-0.03
Naive,FC-West,SKU-GROC-002,13.321,17.024,23.89,-763.0,-16.29
Naive,FC-West,SKU-GROC-003,13.464,18.08,22.38,-881.0,-17.44
Naive,FC-West,SKU-GROC-004,16.595,21.257,39.42,-1156.0,-32.69
Naive,FC-West,SKU-GROC-005,34.155,45.285,50.56,-1055.0,-18.59
Naive,FC-West,SKU-GROC-006,15.476,20.851,34.61,-1152.0,-30.67
Naive,FC-West,SKU-GROC-007,6.464,8.777,37.58,-493.0,-34.12
Naive,FC-West,SKU-GROC-008,46.024,66.977,65.28,-1190.0,-20.09
Naive,FC-West,SKU-GROC-009,5.595,7.946,191.06,62.0,25.2
Naive,FC-West,SKU-GROC-010,5.869,8.23,74.14,7.0,1.05
Naive,FC-West,SKU-HLTH-001,16.429,20.555,25.16,-332.0,-6.05
Naive,FC-West,SKU-HLTH-002,16.202,19.919,40.02,127.0,3.73
Naive,FC-West,SKU-HLTH-003,16.44,21.051,33.17,-1167.0,-28.03
Naive,FC-West,SKU-HLTH-004,10.19,13.106,25.01,-706.0,-20.63
Naive,FC-West,SKU-HLTH-005,27.905,39.442,49.83,-896.0,-19.05
Naive,FC-West,SKU-HLTH-006,17.917,20.263,54.95,397.0,14.49
Naive,FC-West,SKU-HLTH-007,3.714,5.136,35.94,-140.0,-16.13
Naive,FC-West,SKU-HLTH-008,17.44,24.677,40.57,-1175.0,-32.54
Naive,FC-West,SKU-HLTH-009,3.369,4.846,112.75,-139.0,-55.38
Naive,FC-West,SKU-HLTH-010,9.238,13.306,127.63,344.0,56.58
Naive,FC-West,SKU-HOME-001,9.738,12.443,32.28,378.0,14.92
Naive,FC-West,SKU-HOME-002,26.226,33.613,40.33,-2019.0,-36.96
Naive,FC-West,SKU-HOME-003,7.345,9.081,23.45,85.0,3.23
Naive,FC-West,SKU-HOME-004,7.202,9.181,30.14,-243.0,-12.11
Naive,FC-West,SKU-HOME-005,7.0,9.592,21.76,-490.0,-18.13
Naive,FC-West,SKU-HOME-006,12.083,17.498,39.08,-861.0,-33.15
Naive,FC-West,SKU-HOME-007,2.714,3.398,35.29,54.0,8.36
Naive,FC-West,SKU-HOME-008,19.31,25.138,37.3,-456.0,-10.49
Naive,FC-West,SKU-HOME-009,2.25,4.602,100.0,-189.0,-100.0
Naive,FC-West,SKU-HOME-010,6.393,8.057,51.09,-155.0,-14.75
Seasonal_Naive_7d,FC-Central,SKU-APPR-001,11.56,15.03,25.31,-29.0,-0.76
Seasonal_Naive_7d,FC-Central,SKU-APPR-002,26.143,34.281,64.51,-396.0,-11.63
Seasonal_Naive_7d,FC-Central,SKU-APPR-003,13.274,16.433,46.56,-279.0,-11.65
Seasonal_Naive_7d,FC-Central,SKU-APPR-004,13.81,17.475,25.46,-148.0,-3.25
Seasonal_Naive_7d,FC-Central,SKU-APPR-005,8.94,11.562,38.45,-153.0,-7.83
Seasonal_Naive_7d,FC-Central,SKU-APPR-006,10.548,12.713,52.36,-48.0,-2.84
Seasonal_Naive_7d,FC-Central,SKU-APPR-007,2.702,3.663,36.79,-37.0,-6.0
Seasonal_Naive_7d,FC-Central,SKU-APPR-008,26.357,37.149,56.05,-614.0,-15.54
Seasonal_Naive_7d,FC-Central,SKU-APPR-009,2.488,3.878,195.33,21.0,19.63
Seasonal_Naive_7d,FC-Central,SKU-APPR-010,3.857,5.695,78.26,-6.0,-1.45
Seasonal_Naive_7d,FC-Central,SKU-ELEC-001,7.667,9.676,27.2,-64.0,-2.7
Seasonal_Naive_7d,FC-Central,SKU-ELEC-002,8.345,10.975,24.48,45.0,1.57
Seasonal_Naive_7d,FC-Central,SKU-ELEC-003,7.286,9.04,40.32,134.0,8.83
Seasonal_Naive_7d,FC-Central,SKU-ELEC-004,10.571,13.636,25.47,118.0,3.38
Seasonal_Naive_7d,FC-Central,SKU-ELEC-005,14.929,19.989,42.95,-256.0,-8.77
Seasonal_Naive_7d,FC-Central,SKU-ELEC-006,5.31,6.619,29.73,-124.0,-8.27
Seasonal_Naive_7d,FC-Central,SKU-ELEC-007,3.44,4.489,36.17,37.0,4.63
Seasonal_Naive_7d,FC-Central,SKU-ELEC-008,17.655,23.979,31.33,-529.0,-11.18
Seasonal_Naive_7d,FC-Central,SKU-ELEC-009,3.893,6.413,142.79,3.0,1.31
Seasonal_Naive_7d,FC-Central,SKU-ELEC-010,4.155,5.995,67.24,-15.0,-2.89
Seasonal_Naive_7d,FC-Central,SKU-GROC-001,12.869,16.465,21.08,-213.0,-4.15
Seasonal_Naive_7d,FC-Central,SKU-GROC-002,10.274,13.333,22.41,73.0,1.9
Seasonal_Naive_7d,FC-Central,SKU-GROC-003,10.857,14.426,24.18,-172.0,-4.56
Seasonal_Naive_7d,FC-Central,SKU-GROC-004,10.19,13.339,33.57,14.0,0.55
Seasonal_Naive_7d,FC-Central,SKU-GROC-005,44.369,62.75,76.77,-587.0,-12.09
Seasonal_Naive_7d,FC-Central,SKU-GROC-006,13.833,16.384,39.1,336.0,11.31
Seasonal_Naive_7d,FC-Central,SKU-GROC-007,4.476,5.61,34.62,78.0,7.18
Seasonal_Naive_7d,FC-Central,SKU-GROC-008,28.202,37.429,54.5,-939.0,-21.6
Seasonal_Naive_7d,FC-Central,SKU-GROC-009,2.798,4.937,129.83,-33.0,-18.23
Seasonal_Naive_7d,FC-Central,SKU-GROC-010,3.762,5.636,64.49,-42.0,-8.57
Seasonal_Naive_7d,FC-Central,SKU-HLTH-001,12.179,17.253,24.28,291.0,6.91
Seasonal_Naive_7d,FC-Central,SKU-HLTH-002,16.881,22.082,48.56,380.0,13.01
Seasonal_Naive_7d,FC-Central,SKU-HLTH-003,10.524,12.963,26.87,-238.0,-7.23
Seasonal_Naive_7d,FC-Central,SKU-HLTH-004,6.917,9.118,22.69,43.0,1.68
Seasonal_Naive_7d,FC-Central,SKU-HLTH-005,22.69,30.965,51.99,-690.0,-18.82
Seasonal_Naive_7d,FC-Central,SKU-HLTH-006,8.893,11.986,34.0,175.0,7.97
Seasonal_Naive_7d,FC-Central,SKU-HLTH-007,3.536,4.542,41.54,-35.0,-4.9
Seasonal_Naive_7d,FC-Central,SKU-HLTH-008,13.512,17.541,37.27,-493.0,-16.19
Seasonal_Naive_7d,FC-Central,SKU-HLTH-009,3.321,5.07,173.29,55.0,34.16
Seasonal_Naive_7d,FC-Central,SKU-HLTH-010,4.774,7.638,85.14,113.0,23.99
Seasonal_Naive_7d,FC-Central,SKU-HOME-001,6.619,8.166,29.48,82.0,4.35
Seasonal_Naive_7d,FC-Central,SKU-HOME-002,16.714,21.521,32.77,-676.0,-15.78
Seasonal_Naive_7d,FC-Central,SKU-HOME-003,5.595,7.259,23.79,-164.0,-8.3
Seasonal_Naive_7d,FC-Central,SKU-HOME-004,5.821,7.451,28.95,-25.0,-1.48
Seasonal_Naive_7d,FC-Central,SKU-HOME-005,6.619,8.456,26.15,-154.0,-7.24
Seasonal_Naive_7d,FC-Central,SKU-HOME-006,9.44,12.062,39.51,-291.0,-14.5
Seasonal_Naive_7d,FC-Central,SKU-HOME-007,2.929,4.036,49.4,62.0,12.45
Seasonal_Naive_7d,FC-Central,SKU-HOME-008,16.536,20.849,42.65,-465.0,-14.28
Seasonal_Naive_7d,FC-Central,SKU-HOME-009,3.56,5.357,151.78,-29.0,-14.72
Seasonal_Naive_7d,FC-Central,SKU-HOME-010,5.845,7.849,50.57,-79.0,-8.14
Seasonal_Naive_7d,FC-East,SKU-APPR-001,16.75,20.488,26.23,203.0,3.78
Seasonal_Naive_7d,FC-East,SKU-APPR-002,30.107,46.219,53.73,-1203.0,-25.56
Seasonal_Naive_7d,FC-East,SKU-APPR-003,24.405,30.729,50.0,-188.0,-4.59
Seasonal_Naive_7d,FC-East,SKU-APPR-004,20.286,26.324,26.43,-170.0,-2.64
Seasonal_Naive_7d,FC-East,SKU-APPR-005,16.464,23.076,45.51,153.0,5.03
Seasonal_Naive_7d,FC-East,SKU-APPR-006,15.202,19.14,55.11,239.0,10.32
Seasonal_Naive_7d,FC-East,SKU-APPR-007,5.286,6.961,48.47,12.0,1.31
Seasonal_Naive_7d,FC-East,SKU-APPR-008,48.81,75.065,73.4,-50.0,-0.9
Seasonal_Naive_7d,FC-East,SKU-APPR-009,3.738,5.9,142.73,-24.0,-10.91
Seasonal_Naive_7d,FC-East,SKU-APPR-010,5.94,10.442,81.94,19.0,3.12
Seasonal_Naive_7d,FC-East,SKU-ELEC-001,12.571,16.306,31.43,-40.0,-1.19
Seasonal_Naive_7d,FC-East,SKU-ELEC-002,13.131,16.353,25.79,455.0,10.64
Seasonal_Naive_7d,FC-East,SKU-ELEC-003,10.738,13.192,40.2,244.0,10.87
Seasonal_Naive_7d,FC-East,SKU-ELEC-004,18.012,23.174,29.6,369.0,7.22
Seasonal_Naive_7d,FC-East,SKU-ELEC-005,28.655,42.168,54.15,-141.0,-3.17
Seasonal_Naive_7d,FC-East,SKU-ELEC-006,7.595,9.711,29.08,26.0,1.19
Seasonal_Naive_7d,FC-East,SKU-ELEC-007,5.167,7.079,35.28,-230.0,-18.7
Seasonal_Naive_7d,FC-East,SKU-ELEC-008,31.905,43.464,39.64,-268.0,-3.96
Seasonal_Naive_7d,FC-East,SKU-ELEC-009,4.845,7.745,141.81,-3.0,-1.05
Seasonal_Naive_7d,FC-East,SKU-ELEC-010,6.06,7.711,64.35,21.0,2.65
Seasonal_Naive_7d,FC-East,SKU-GROC-001,19.821,26.737,22.1,31.0,0.41
Seasonal_Naive_7d,FC-East,SKU-GROC-002,14.071,17.77,21.56,-170.0,-3.1
Seasonal_Naive_7d,FC-East,SKU-GROC-003,16.548,20.624,23.79,-350.0,-5.99
Seasonal_Naive_7d,FC-East,SKU-GROC-004,11.976,17.526,28.18,-34.0,-0.95
Seasonal_Naive_7d,FC-East,SKU-GROC-005,54.036,67.77,66.14,-827.0,-12.05
Seasonal_Naive_7d,FC-East,SKU-GROC-006,26.024,33.152,45.0,410.0,8.44
Seasonal_Naive_7d,FC-East,SKU-GROC-007,7.226,8.877,38.69,131.0,8.35
Seasonal_Naive_7d,FC-East,SKU-GROC-008,35.536,47.654,51.1,-325.0,-5.56
Seasonal_Naive_7d,FC-East,SKU-GROC-009,5.0,7.848,141.89,12.0,4.05
Seasonal_Naive_7d,FC-East,SKU-GROC-010,5.262,8.619,70.16,-42.0,-6.67
Seasonal_Naive_7d,FC-East,SKU-HLTH-001,14.786,17.884,19.75,-196.0,-3.12
Seasonal_Naive_7d,FC-East,SKU-HLTH-002,26.595,35.774,51.5,14.0,0.32
Seasonal_Naive_7d,FC-East,SKU-HLTH-003,14.25,19.121,25.41,-159.0,-3.38
Seasonal_Naive_7d,FC-East,SKU-HLTH-004,10.655,13.844,22.98,-27.0,-0.69
Seasonal_Naive_7d,FC-East,SKU-HLTH-005,34.536,46.526,55.1,-549.0,-10.43
Seasonal_Naive_7d,FC-East,SKU-HLTH-006,12.81,17.536,34.2,-150.0,-4.77
Seasonal_Naive_7d,FC-East,SKU-HLTH-007,5.274,6.83,45.72,-1.0,-0.1
Seasonal_Naive_7d,FC-East,SKU-HLTH-008,22.024,30.382,45.81,-746.0,-18.47
Seasonal_Naive_7d,FC-East,SKU-HLTH-009,3.988,6.709,203.03,75.0,45.45
Seasonal_Naive_7d,FC-East,SKU-HLTH-010,6.298,9.227,81.01,63.0,9.65
Seasonal_Naive_7d,FC-East,SKU-HOME-001,9.0,10.935,27.25,74.0,2.67
Seasonal_Naive_7d,FC-East,SKU-HOME-002,23.643,30.01,30.42,-1040.0,-15.93
Seasonal_Naive_7d,FC-East,SKU-HOME-003,10.202,13.058,28.58,265.0,8.84
Seasonal_Naive_7d,FC-East,SKU-HOME-004,10.143,14.16,36.6,92.0,3.95
Seasonal_Naive_7d,FC-East,SKU-HOME-005,8.405,10.631,22.79,70.0,2.26
Seasonal_Naive_7d,FC-East,SKU-HOME-006,14.452,19.923,40.99,-422.0,-14.25
Seasonal_Naive_7d,FC-East,SKU-HOME-007,3.107,4.066,38.55,15.0,2.22
Seasonal_Naive_7d,FC-East,SKU-HOME-008,33.536,45.991,56.74,-329.0,-6.63
Seasonal_Naive_7d,FC-East,SKU-HOME-009,3.357,5.653,174.07,22.0,13.58
Seasonal_Naive_7d,FC-East,SKU-HOME-010,8.857,12.627,56.28,122.0,9.23
Seasonal_Naive_7d,FC-West,SKU-APPR-001,19.667,25.318,31.71,438.0,8.41
Seasonal_Naive_7d,FC-West,SKU-APPR-002,35.071,49.407,66.86,-174.0,-3.95
Seasonal_Naive_7d,FC-West,SKU-APPR-003,17.786,23.222,43.66,178.0,5.2
Seasonal_Naive_7d,FC-West,SKU-APPR-004,16.571,20.43,24.33,262.0,4.58
Seasonal_Naive_7d,FC-West,SKU-APPR-005,14.69,18.767,46.5,174.0,6.56
Seasonal_Naive_7d,FC-West,SKU-APPR-006,12.179,16.762,45.65,-217.0,-9.68
Seasonal_Naive_7d,FC-West,SKU-APPR-007,5.5,7.327,57.75,40.0,5.0
Seasonal_Naive_7d,FC-West,SKU-APPR-008,28.905,41.213,47.66,-1142.0,-22.42
Seasonal_Naive_7d,FC-West,SKU-APPR-009,2.762,5.159,120.83,-76.0,-39.58
Seasonal_Naive_7d,FC-West,SKU-APPR-010,4.381,6.754,71.6,-14.0,-2.72
Seasonal_Naive_7d,FC-West,SKU-ELEC-001,11.774,15.012,34.26,265.0,9.18
Seasonal_Naive_7d,FC-West,SKU-ELEC-002,9.94,12.432,22.37,187.0,5.01
Seasonal_Naive_7d,FC-West,SKU-ELEC-003,7.06,9.177,31.59,-25.0,-1.33
Seasonal_Naive_7d,FC-West,SKU-ELEC-004,12.012,15.574,22.08,-217.0,-4.75
Seasonal_Naive_7d,FC-West,SKU-ELEC-005,21.429,27.687,44.71,-462.0,-11.48
Seasonal_Naive_7d,FC-West,SKU-ELEC-006,9.167,10.786,36.22,-98.0,-4.61
Seasonal_Naive_7d,FC-West,SKU-ELEC-007,5.06,6.569,42.37,49.0,4.89
Seasonal_Naive_7d,FC-West,SKU-ELEC-008,25.94,36.884,34.73,-475.0,-7.57
Seasonal_Naive_7d,FC-West,SKU-ELEC-009,5.298,8.039,150.85,-43.0,-14.58
Seasonal_Naive_7d,FC-West,SKU-ELEC-010,4.524,6.355,63.12,-42.0,-6.98
Seasonal_Naive_7d,FC-West,SKU-GROC-001,16.619,20.762,21.39,318.0,4.87
Seasonal_Naive_7d,FC-West,SKU-GROC-002,12.179,15.601,21.84,-35.0,-0.75
Seasonal_Naive_7d,FC-West,SKU-GROC-003,12.536,16.377,20.84,-65.0,-1.29
Seasonal_Naive_7d,FC-West,SKU-GROC-004,16.857,21.66,40.05,-156.0,-4.41
Seasonal_Naive_7d,FC-West,SKU-GROC-005,34.702,45.368,51.37,-835.0,-14.71
Seasonal_Naive_7d,FC-West,SKU-GROC-006,15.452,19.803,34.56,-328.0,-8.73
Seasonal_Naive_7d,FC-West,SKU-GROC-007,6.274,8.957,36.47,-77.0,-5.33
Seasonal_Naive_7d,FC-West,SKU-GROC-008,38.0,56.818,53.9,-1094.0,-18.47
Seasonal_Naive_7d,FC-West,SKU-GROC-009,4.143,6.959,141.46,-118.0,-47.97
Seasonal_Naive_7d,FC-West,SKU-GROC-010,4.583,7.447,57.89,-113.0,-16.99
Seasonal_Naive_7d,FC-West,SKU-HLTH-001,12.833,15.864,19.66,40.0,0.73
Seasonal_Naive_7d,FC-West,SKU-HLTH-002,19.06,23.403,47.07,-49.0,-1.44
Seasonal_Naive_7d,FC-West,SKU-HLTH-003,12.131,15.311,24.48,-19.0,-0.46
Seasonal_Naive_7d,FC-West,SKU-HLTH-004,7.429,9.454,18.23,-66.0,-1.93
Seasonal_Naive_7d,FC-West,SKU-HLTH-005,25.381,35.569,45.32,-788.0,-16.75
Seasonal_Naive_7d,FC-West,SKU-HLTH-006,10.988,14.029,33.7,137.0,5.0
Seasonal_Naive_7d,FC-West,SKU-HLTH-007,4.048,5.46,39.17,-24.0,-2.76
Seasonal_Naive_7d,FC-West,SKU-HLTH-008,15.226,21.69,35.42,-791.0,-21.91
Seasonal_Naive_7d,FC-West,SKU-HLTH-009,3.774,5.7,126.29,-123.0,-49.0
Seasonal_Naive_7d,FC-West,SKU-HLTH-010,5.5,8.896,75.99,-36.0,-5.92
Seasonal_Naive_7d,FC-West,SKU-HOME-001,8.738,11.906,28.97,-130.0,-5.13
Seasonal_Naive_7d,FC-West,SKU-HOME-002,19.94,27.092,30.66,-1139.0,-20.85
Seasonal_Naive_7d,FC-West,SKU-HOME-003,7.131,8.962,22.77,-99.0,-3.76
Seasonal_Naive_7d,FC-West,SKU-HOME-004,9.036,11.65,37.82,121.0,6.03
Seasonal_Naive_7d,FC-West,SKU-HOME-005,6.595,9.084,20.5,122.0,4.52
Seasonal_Naive_7d,FC-West,SKU-HOME-006,11.369,16.677,36.77,-737.0,-28.38
Seasonal_Naive_7d,FC-West,SKU-HOME-007,3.5,5.477,45.51,58.0,8.98
Seasonal_Naive_7d,FC-West,SKU-HOME-008,20.643,25.817,39.88,-300.0,-6.9
Seasonal_Naive_7d,FC-West,SKU-HOME-009,2.655,4.834,117.99,-141.0,-74.6
Seasonal_Naive_7d,FC-West,SKU-HOME-010,6.893,8.846,55.09,-27.0,-2.57
