sku_id,sku_name,category,sub_category,avg_unit_price,unit_cost,total_units_sold,total_revenue,total_gross_margin,mean_daily_demand,std_daily_demand,cv,cumulative_revenue_pct,abc_class,xyz_class,abc_xyz_segment,operational_strategy
SKU-APPR-002,Down-Alternative Insulated Winter Puffer Jacket,Apparel,Outerwear,148.78,62.0,80812.0,11979264.38,6968920.38,36.85,29.01,0.787,8.81,A,Y,AY,"High Value, Moderate Volatility (Buffer with Safety Stock)"
SKU-ELEC-001,Pro Wireless Noise-Canceling Earbuds,Electronics,Audio,129.0,58.5,66003.0,8490049.47,4628873.97,30.1,10.66,0.354,15.06,A,X,AX,"High Value, Highly Predictable (Automate Replenishment)"
SKU-ELEC-005,Mechanical Gaming Keyboard RGB,Electronics,Gaming,109.24,52.0,56400.0,6142023.0,3209223.0,25.72,17.14,0.666,19.58,A,Y,AY,"High Value, Moderate Volatility (Buffer with Safety Stock)"
SKU-APPR-005,Water-Resistant Commuter Backpack with Laptop Sleeve,Apparel,Bags,69.54,28.5,75500.0,5236050.0,3084300.0,34.43,19.25,0.559,23.43,A,Y,AY,"High Value, Moderate Volatility (Buffer with Safety Stock)"
SKU-HOME-006,HEPA Air Purifier Compact Room Model,Home & Kitchen,Appliances,89.33,42.0,50676.0,4510464.24,2382072.24,23.11,14.5,0.628,26.75,A,Y,AY,"High Value, Moderate Volatility (Buffer with Safety Stock)"
SKU-ELEC-008,4K Ultra-HD Streaming Media Player,Electronics,Home Video,49.64,22.0,88312.0,4370474.38,2427610.38,40.27,25.26,0.627,29.97,A,Y,AY,"High Value, Moderate Volatility (Buffer with Safety Stock)"
SKU-ELEC-010,Enterprise High-Resolution Studio Microphone,Electronics,Professional Audio,248.04,115.0,16893.0,4180143.57,2237448.57,7.7,5.74,0.745,33.04,A,Y,AY,"High Value, Moderate Volatility (Buffer with Safety Stock)"
SKU-ELEC-006,Portable Bluetooth Rugged Speaker,Electronics,Audio,59.52,26.5,64922.0,3848401.78,2127968.78,29.6,15.96,0.539,35.87,A,Y,AY,"High Value, Moderate Volatility (Buffer with Safety Stock)"
SKU-APPR-010,Full-Grain Italian Leather Travel Duffel,Apparel,Luxury Bags,287.79,135.0,12651.0,3628773.99,1920888.99,5.77,5.33,0.925,38.54,A,Y,AY,"High Value, Moderate Volatility (Buffer with Safety Stock)"
SKU-GROC-001,Organic Whole Bean Espresso Roast 2 lb,Grocery & Pantry,Coffee & Tea,21.84,9.2,161645.0,3521256.75,2034122.75,73.71,19.83,0.269,41.13,A,X,AX,"High Value, Highly Predictable (Automate Replenishment)"
SKU-HLTH-010,Clinical LED Infrared Facial Rejuvenation Mask,Health & Care,Skincare Tech,228.21,98.0,15250.0,3469259.5,1974759.5,6.95,5.88,0.846,43.69,A,Y,AY,"High Value, Moderate Volatility (Buffer with Safety Stock)"
SKU-GROC-006,Electrolyte Enhanced Sparkling Mineral Water (24-Pack),Grocery & Pantry,Beverages,26.79,11.8,129431.0,3460197.49,1932911.69,59.02,31.57,0.535,46.23,A,Y,AY,"High Value, Moderate Volatility (Buffer with Safety Stock)"
SKU-APPR-001,Men's Classic Cotton Crewneck T-Shirt 3-Pack,Apparel,Basics,27.79,10.5,123711.0,3429369.09,2130403.59,56.41,16.54,0.293,48.75,A,X,AX,"High Value, Highly Predictable (Automate Replenishment)"
SKU-APPR-003,Breathable Quick-Dry Athletic Shorts,Apparel,Sportswear,29.76,11.2,112692.0,3345568.08,2083417.68,51.39,32.92,0.641,51.22,A,Y,AY,"High Value, Moderate Volatility (Buffer with Safety Stock)"
SKU-ELEC-003,Smart Home Environmental Sensor Hub,Electronics,Smart Home,79.44,36.0,42061.0,3332647.39,1818451.39,19.18,7.51,0.392,53.67,A,X,AX,"High Value, Highly Predictable (Automate Replenishment)"
SKU-APPR-008,Fleece-Lined Thermal Baselayer Leggings,Apparel,Base Layer,34.74,13.8,95183.0,3298312.67,1984787.27,43.4,30.72,0.708,56.09,A,Y,AY,"High Value, Moderate Volatility (Buffer with Safety Stock)"
SKU-HLTH-003,Grass-Fed Hydrolyzed Collagen Peptides Powder 1 lb,Health & Care,Nutrition,36.72,15.5,89986.0,3294682.74,1899899.74,41.03,14.53,0.354,58.52,A,X,AX,"High Value, Highly Predictable (Automate Replenishment)"
SKU-ELEC-002,Ultra-Fast USB-C GaN Charger 65W,Electronics,Accessories,34.73,14.2,94457.0,3271439.93,1930150.53,43.07,12.25,0.284,60.93,A,X,AX,"High Value, Highly Predictable (Automate Replenishment)"
SKU-HOME-008,Non-Stick 10-Piece Baking Sheet Set,Home & Kitchen,Bakeware,49.6,21.0,63298.0,3128754.52,1799496.52,28.86,20.95,0.726,63.23,A,Y,AY,"High Value, Moderate Volatility (Buffer with Safety Stock)"
SKU-HLTH-001,Daily Multivitamin Formula with Zinc & D3 (90 Count),Health & Care,Supplements,22.84,8.9,136873.0,3117992.47,1899822.77,62.41,16.94,0.271,65.52,A,X,AX,"High Value, Highly Predictable (Automate Replenishment)"
SKU-APPR-006,Lightweight UV Sun Protection Fishing Hoodie,Apparel,Outdoor,42.69,16.5,70866.0,3019329.69,1850040.69,32.31,20.62,0.638,67.74,A,Y,AY,"High Value, Moderate Volatility (Buffer with Safety Stock)"
SKU-HOME-002,Stainless Steel Thermal Travel Mug 16oz,Home & Kitchen,Drinkware,24.83,9.8,107390.0,2661179.85,1608757.85,48.97,25.31,0.517,69.7,A,Y,AY,"High Value, Moderate Volatility (Buffer with Safety Stock)"
SKU-HOME-003,Airtight Glass Food Storage Containers (Set of 8),Home & Kitchen,Storage,44.68,19.5,57006.0,2539697.94,1428080.94,25.99,9.03,0.347,71.57,B,X,BX,"Medium Value, Steady Demand (Standard Periodic Review)"
SKU-HLTH-004,Sonic Electric Toothbrush Replacement Heads (4-Pack),Health & Care,Oral Care,29.73,10.5,84544.0,2505167.06,1617455.06,38.55,11.68,0.303,73.41,B,X,BX,"Medium Value, Steady Demand (Standard Periodic Review)"
SKU-HOME-001,Cast Iron Pre-Seasoned Skillet 12-Inch,Home & Kitchen,Cookware,39.71,16.8,61883.0,2450155.17,1410520.77,28.22,9.01,0.319,75.21,B,X,BX,"Medium Value, Steady Demand (Standard Periodic Review)"
SKU-ELEC-004,Braided HDMI 2.1 Ultra High Speed Cable,Electronics,Cables,19.83,7.5,112691.0,2228930.09,1383747.59,51.39,15.26,0.297,76.85,B,X,BX,"Medium Value, Steady Demand (Standard Periodic Review)"
SKU-HLTH-008,Aromatherapy Ultrasonic Essential Oil Diffuser,Health & Care,Home Wellness,39.73,16.0,56054.0,2225075.46,1328211.46,25.56,16.5,0.646,78.49,B,Y,BY,"Medium Value, Moderate Volatility (Standard Safety Stock)"
SKU-GROC-002,Raw California Organic Almonds Unsalted 3 lb,Grocery & Pantry,Nuts & Snacks,18.35,8.0,120141.0,2197274.85,1236146.85,54.78,15.35,0.28,80.11,B,X,BX,"Medium Value, Steady Demand (Standard Periodic Review)"
SKU-HLTH-002,Mineral Broad-Spectrum Sunscreen Lotion SPF 50 6oz,Health & Care,Suncare,17.86,6.8,121937.0,2171633.53,1342461.93,55.6,39.0,0.701,81.71,B,Y,BY,"Medium Value, Moderate Volatility (Standard Safety Stock)"
SKU-GROC-003,Extra Virgin Cold-Pressed Olive Oil 1 Liter,Grocery & Pantry,Oils & Vinegars,19.85,8.5,108188.0,2140949.12,1221351.12,49.33,16.0,0.324,83.28,B,X,BX,"Medium Value, Steady Demand (Standard Periodic Review)"
SKU-GROC-004,Organic Ceremonial Grade Matcha Green Tea 100g,Grocery & Pantry,Coffee & Tea,29.78,12.2,71991.0,2137513.59,1259223.39,32.83,13.05,0.397,84.85,B,X,BX,"Medium Value, Steady Demand (Standard Periodic Review)"
SKU-APPR-004,Seamless Moisture-Wicking Merino Wool Running Socks,Apparel,Accessories,16.88,6.1,125080.0,2105724.1,1342736.1,57.04,18.95,0.332,86.4,B,X,BX,"Medium Value, Steady Demand (Standard Periodic Review)"
SKU-HOME-010,Automatic Touchless Stainless Trash Can 13 Gal,Home & Kitchen,Waste & Storage,74.54,33.0,27362.0,2035440.13,1132494.13,12.48,8.18,0.656,87.9,B,Y,BY,"Medium Value, Moderate Volatility (Standard Safety Stock)"
SKU-HOME-005,Organic Bamboo Cutting Board 3-Piece Set,Home & Kitchen,Kitchen Tools,29.77,12.0,66840.0,1985339.1,1183259.1,30.48,9.07,0.298,89.36,B,X,BX,"Medium Value, Steady Demand (Standard Periodic Review)"
SKU-GROC-008,Gourmet Dark Chocolate Sea Salt Truffles Gift Box,Grocery & Pantry,Confections,24.79,9.9,80123.0,1979286.27,1186068.57,36.54,30.73,0.841,90.82,C,Y,CY,"Low Value, Moderate Volatility (Low Stock Priority)"
SKU-HLTH-005,Elderberry Immune Support Syrup with Vitamin C 8oz,Health & Care,Wellness,19.83,7.4,88206.0,1745231.94,1092507.54,40.22,27.18,0.676,92.1,C,Y,CY,"Low Value, Moderate Volatility (Low Stock Priority)"
SKU-HLTH-006,Natural Sulfate-Free Restorative Hair Mask 250ml,Health & Care,Haircare,24.81,9.2,62205.0,1540144.2,967858.2,28.37,10.37,0.366,93.23,C,X,CX,"Low Value, Predictable (Bulk Replenishment / Low Touch)"
SKU-GROC-005,Artisanal Holiday Spiced Hot Cocoa Mix 500g,Grocery & Pantry,Seasonal Beverages,14.88,5.6,91559.0,1357018.66,844288.26,41.75,36.78,0.881,94.23,C,Y,CY,"Low Value, Moderate Volatility (Low Stock Priority)"
SKU-APPR-007,Vintage Low-Rise Bootcut Denim Jeans,Apparel,Denim,54.58,23.0,24283.0,1321420.92,762911.92,11.07,5.62,0.508,95.21,C,Y,CY,"Low Value, Moderate Volatility (Low Stock Priority)"
SKU-HOME-004,Digital Instant-Read Meat Thermometer,Home & Kitchen,Kitchen Tools,18.86,7.2,67920.0,1277477.4,788453.4,30.97,16.53,0.534,96.15,C,Y,CY,"Low Value, Moderate Volatility (Low Stock Priority)"
SKU-GROC-010,Imported White Truffle Infused Olive Oil Reserve 250ml,Grocery & Pantry,Gourmet Specialty,64.49,29.0,15150.0,974916.75,535566.75,6.91,5.17,0.748,96.86,C,Y,CY,"Low Value, Moderate Volatility (Low Stock Priority)"
SKU-HLTH-009,Medical Grade Continuous Glucose Sensor Transmitter,Health & Care,Medical Devices,183.67,82.0,4873.0,894761.75,495175.75,2.22,3.89,1.751,97.52,C,Z,CZ,"Low Value, Erratic / Intermittent (Make-to-Order or Minimal Buffer)"
SKU-HOME-009,Commercial Heavy Duty Stand Mixer Motor Assembly,Home & Kitchen,Spare Parts,157.88,68.0,4697.0,743173.95,423777.95,2.14,3.93,1.833,98.07,C,Z,CZ,"Low Value, Erratic / Intermittent (Make-to-Order or Minimal Buffer)"
SKU-GROC-009,Bulk Food Grade Citric Acid Crystals 50 lb Sack,Grocery & Pantry,Bulk Ingredients,88.31,38.0,6604.0,582349.25,331397.25,3.01,5.12,1.701,98.5,C,Z,CZ,"Low Value, Erratic / Intermittent (Make-to-Order or Minimal Buffer)"
SKU-APPR-009,Custom Embroidered Alpine Ski Racing Bib,Apparel,Specialty Sport,119.14,48.0,4699.0,559758.0,334206.0,2.14,3.92,1.828,98.91,C,Z,CZ,"Low Value, Erratic / Intermittent (Make-to-Order or Minimal Buffer)"
SKU-HOME-007,Countertop Citrus Juicer Manual Press,Home & Kitchen,Kitchen Tools,22.86,9.5,20333.0,463664.12,270500.62,9.27,4.05,0.437,99.25,C,X,CX,"Low Value, Predictable (Bulk Replenishment / Low Touch)"
SKU-ELEC-009,Specialty Motherboard Replacement Capacitor Pack,Electronics,Components,44.66,15.0,6630.0,295825.5,196375.5,3.02,5.13,1.696,99.47,C,Z,CZ,"Low Value, Erratic / Intermittent (Make-to-Order or Minimal Buffer)"
SKU-ELEC-007,Micro-USB Legacy Charging Cable 2m,Electronics,Cables,8.93,3.1,32738.0,291530.92,190043.12,14.93,6.81,0.456,99.68,C,X,CX,"Low Value, Predictable (Bulk Replenishment / Low Touch)"
SKU-GROC-007,Artificially Flavored Breakfast Cereal Marshmallow 18oz,Grocery & Pantry,Cereals,5.45,2.2,44171.0,239841.99,142665.79,20.14,8.08,0.401,99.86,C,X,CX,"Low Value, Predictable (Bulk Replenishment / Low Touch)"
SKU-HLTH-007,Alcohol Hand Sanitizer Gel Discontinued Formula 500ml,Health & Care,Sanitation,6.94,2.5,27934.0,193160.76,123325.76,12.74,6.35,0.498,100.0,C,X,CX,"Low Value, Predictable (Bulk Replenishment / Low Touch)"
