store_id,sku_id,forecast_demand_28d,avg_daily_demand,std_daily_demand,lead_time_days,service_level,demand_during_lead_time,safety_stock,reorder_point,order_up_to_level,on_hand_inventory,on_order_inventory,current_inventory_position,days_of_supply,reorder_triggered_flag,recommended_order_qty,recommended_order_value,stockout_risk_level,is_excess_inventory,excess_units,excess_capital_tied_up,annual_excess_holding_cost,priority_score,priority_tier
FC-Central,SKU-APPR-008,4211.0,75.2,32.81,10.0,0.95,752.0,300.5,1052.5,1578.9,163.0,55.0,218.0,2.9,1,1361.0,18781.8,Critical,0,0.0,0.0,0.0,115,P1 - Critical (Immediate PO)
FC-Central,SKU-GROC-006,2106.4,37.62,12.23,5.0,0.95,188.1,66.9,255.0,518.3,38.0,61.0,99.0,2.6,1,419.0,4944.2,Critical,0,0.0,0.0,0.0,115,P1 - Critical (Immediate PO)
FC-East,SKU-ELEC-003,1462.6,26.12,8.81,9.0,0.95,235.1,88.7,323.8,506.6,62.0,6.0,68.0,2.6,1,439.0,15804.0,Critical,0,0.0,0.0,0.0,110,P1 - Critical (Immediate PO)
FC-Central,SKU-GROC-001,3376.4,60.29,13.02,5.0,0.95,301.4,92.7,394.1,816.2,71.0,39.0,110.0,1.8,1,706.0,6495.2,Critical,0,0.0,0.0,0.0,110,P1 - Critical (Immediate PO)
FC-Central,SKU-APPR-006,1152.4,20.58,8.91,10.0,0.95,205.8,82.0,287.8,431.9,46.0,22.0,68.0,3.3,1,364.0,6006.0,High,0,0.0,0.0,0.0,100,P1 - Critical (Immediate PO)
FC-Central,SKU-APPR-003,1912.3,34.15,13.19,10.0,0.95,341.5,131.6,473.1,712.1,152.0,41.0,193.0,5.7,1,519.0,5812.8,High,0,0.0,0.0,0.0,100,P1 - Critical (Immediate PO)
FC-East,SKU-HLTH-010,443.5,7.92,5.41,7.0,0.95,55.4,28.3,83.7,139.2,26.0,15.0,41.0,5.2,1,98.0,9604.0,High,0,0.0,0.0,0.0,100,P1 - Critical (Immediate PO)
FC-West,SKU-APPR-010,368.7,6.58,5.77,10.0,0.95,65.8,37.0,102.8,148.9,32.0,11.0,43.0,6.5,1,106.0,14310.0,High,0,0.0,0.0,0.0,100,P1 - Critical (Immediate PO)
FC-West,SKU-APPR-006,1833.9,32.75,12.95,10.0,0.95,327.5,127.1,454.6,683.9,102.0,35.0,137.0,4.2,1,547.0,9025.5,High,0,0.0,0.0,0.0,100,P1 - Critical (Immediate PO)
FC-East,SKU-APPR-008,5037.1,89.95,43.97,10.0,0.95,899.5,374.0,1273.5,1903.2,390.0,58.0,448.0,5.0,1,1455.0,20079.0,High,0,0.0,0.0,0.0,100,P1 - Critical (Immediate PO)
FC-Central,SKU-HLTH-010,310.3,5.54,4.55,7.0,0.95,38.8,22.6,61.4,100.2,26.0,9.0,35.0,6.3,1,65.0,6370.0,High,0,0.0,0.0,0.0,100,P1 - Critical (Immediate PO)
FC-West,SKU-HLTH-010,449.3,8.02,6.91,7.0,0.95,56.1,34.0,90.1,146.3,37.0,8.0,45.0,5.6,1,101.0,9898.0,High,0,0.0,0.0,0.0,100,P1 - Critical (Immediate PO)
FC-West,SKU-ELEC-008,4450.0,79.46,36.67,9.0,0.95,715.1,296.8,1011.9,1568.2,351.0,112.0,463.0,5.8,1,1105.0,24310.0,High,0,0.0,0.0,0.0,100,P1 - Critical (Immediate PO)
FC-West,SKU-APPR-003,2732.2,48.79,16.59,10.0,0.95,487.9,182.2,670.1,1011.6,209.0,35.0,244.0,5.0,1,768.0,8601.6,High,0,0.0,0.0,0.0,100,P1 - Critical (Immediate PO)
FC-Central,SKU-HOME-002,3925.8,70.1,19.51,8.0,0.95,560.8,185.2,746.0,1236.7,320.0,76.0,396.0,5.6,1,841.0,8241.8,High,0,0.0,0.0,0.0,100,P1 - Critical (Immediate PO)
FC-Central,SKU-HLTH-003,2183.8,39.0,10.07,7.0,0.95,273.0,88.6,361.6,634.6,150.0,59.0,209.0,5.4,1,426.0,6603.0,High,0,0.0,0.0,0.0,95,P1 - Critical (Immediate PO)
FC-East,SKU-GROC-002,3671.5,65.56,15.69,5.0,0.95,327.8,103.8,431.6,890.5,92.0,87.0,179.0,2.7,1,712.0,5696.0,Critical,0,0.0,0.0,0.0,95,P1 - Critical (Immediate PO)
FC-East,SKU-GROC-003,3891.8,69.5,18.37,5.0,0.95,347.5,113.7,461.2,947.7,114.0,76.0,190.0,2.7,1,758.0,6443.0,Critical,0,0.0,0.0,0.0,95,P1 - Critical (Immediate PO)
FC-West,SKU-ELEC-002,2514.7,44.9,11.43,9.0,0.95,404.1,144.4,548.5,862.8,90.0,49.0,139.0,3.1,1,724.0,10280.8,High,0,0.0,0.0,0.0,95,P1 - Critical (Immediate PO)
FC-East,SKU-GROC-001,4960.6,88.58,22.8,5.0,0.95,442.9,143.6,586.5,1206.6,407.0,107.0,514.0,5.8,1,693.0,6375.6,High,0,0.0,0.0,0.0,95,P1 - Critical (Immediate PO)
FC-West,SKU-GROC-004,2319.6,41.42,15.25,5.0,0.95,207.1,78.2,285.3,575.2,53.0,53.0,106.0,2.6,1,469.0,5721.8,Critical,0,0.0,0.0,0.0,95,P1 - Critical (Immediate PO)
FC-West,SKU-APPR-001,3349.5,59.81,19.28,10.0,0.95,598.1,220.8,818.9,1237.6,171.0,65.0,236.0,3.9,1,1002.0,10521.0,High,0,0.0,0.0,0.0,95,P1 - Critical (Immediate PO)
FC-West,SKU-HLTH-001,3633.2,64.88,13.78,7.0,0.95,454.2,141.4,595.6,1049.7,148.0,110.0,258.0,4.0,1,792.0,7048.8,High,0,0.0,0.0,0.0,95,P1 - Critical (Immediate PO)
FC-West,SKU-HLTH-003,2798.2,49.97,14.23,7.0,0.95,349.8,116.5,466.3,816.1,189.0,63.0,252.0,5.0,1,564.0,8742.0,High,0,0.0,0.0,0.0,95,P1 - Critical (Immediate PO)
FC-West,SKU-GROC-009,167.8,3.0,5.11,5.0,0.95,15.0,19.2,34.2,55.2,4.0,1.0,5.0,1.7,1,50.0,1900.0,Critical,0,0.0,0.0,0.0,90,P1 - Critical (Immediate PO)
FC-East,SKU-APPR-009,142.2,2.54,4.29,10.0,0.95,25.4,23.8,49.2,67.0,3.0,3.0,6.0,2.4,1,61.0,2928.0,Critical,0,0.0,0.0,0.0,90,P1 - Critical (Immediate PO)
FC-Central,SKU-APPR-002,3041.6,54.31,28.87,10.0,0.95,543.1,233.4,776.5,1156.7,645.0,42.0,687.0,12.6,1,470.0,29140.0,Medium,0,0.0,0.0,0.0,85,P1 - Critical (Immediate PO)
FC-Central,SKU-APPR-005,1272.0,22.71,8.89,10.0,0.95,227.1,87.9,315.0,474.0,285.0,21.0,306.0,13.5,1,168.0,4788.0,Medium,0,0.0,0.0,0.0,85,P1 - Critical (Immediate PO)
FC-West,SKU-HOME-010,690.7,12.33,6.3,8.0,0.95,98.6,40.8,139.4,225.8,19.0,19.0,38.0,3.1,1,188.0,6204.0,High,0,0.0,0.0,0.0,85,P1 - Critical (Immediate PO)
FC-West,SKU-HLTH-002,2616.8,46.73,16.99,7.0,0.95,327.1,118.2,445.3,772.4,199.0,26.0,225.0,4.8,1,547.0,3719.6,High,0,0.0,0.0,0.0,85,P1 - Critical (Immediate PO)
FC-Central,SKU-GROC-008,3686.0,65.82,34.4,5.0,0.95,329.1,153.3,482.4,943.1,160.0,15.0,175.0,2.7,1,768.0,7603.2,Critical,0,0.0,0.0,0.0,85,P1 - Critical (Immediate PO)
FC-West,SKU-GROC-010,457.9,8.18,6.65,5.0,0.95,40.9,26.7,67.6,124.9,11.0,11.0,22.0,2.7,1,103.0,2987.0,Critical,0,0.0,0.0,0.0,85,P1 - Critical (Immediate PO)
FC-East,SKU-APPR-002,5349.6,95.53,40.54,10.0,0.95,955.3,378.5,1333.8,2002.5,1014.0,133.0,1147.0,12.0,1,856.0,53072.0,Medium,0,0.0,0.0,0.0,85,P1 - Critical (Immediate PO)
FC-East,SKU-APPR-010,374.3,6.68,6.29,10.0,0.95,66.8,39.4,106.2,153.0,68.0,17.0,85.0,12.7,1,68.0,9180.0,Medium,0,0.0,0.0,0.0,85,P1 - Critical (Immediate PO)
FC-Central,SKU-HOME-004,954.6,17.05,7.61,8.0,0.95,136.4,52.9,189.3,308.6,33.0,15.0,48.0,2.8,1,261.0,1879.2,Critical,0,0.0,0.0,0.0,85,P1 - Critical (Immediate PO)
FC-East,SKU-HLTH-004,2547.3,45.49,11.75,7.0,0.95,318.4,103.3,421.7,740.2,217.0,87.0,304.0,6.7,1,436.0,4578.0,High,0,0.0,0.0,0.0,80,P1 - Critical (Immediate PO)
FC-Central,SKU-HLTH-006,1509.0,26.95,9.53,7.0,0.95,188.7,67.5,256.2,444.8,30.0,34.0,64.0,2.4,1,381.0,3505.2,Critical,0,0.0,0.0,0.0,80,P1 - Critical (Immediate PO)
FC-Central,SKU-GROC-004,1770.3,31.61,10.36,5.0,0.95,158.1,56.4,214.5,435.7,133.0,5.0,138.0,4.4,1,298.0,3635.6,High,0,0.0,0.0,0.0,80,P1 - Critical (Immediate PO)
FC-West,SKU-ELEC-007,674.4,12.04,4.87,9.0,0.95,108.4,43.0,151.4,235.6,18.0,1.0,19.0,1.6,1,217.0,672.7,Critical,0,0.0,0.0,0.0,80,P1 - Critical (Immediate PO)
FC-East,SKU-APPR-004,4455.2,79.56,23.15,10.0,0.95,795.6,288.1,1083.7,1640.6,235.0,157.0,392.0,4.9,1,1249.0,7618.9,High,0,0.0,0.0,0.0,80,P1 - Critical (Immediate PO)
FC-West,SKU-GROC-002,3159.6,56.42,13.73,5.0,0.95,282.1,89.8,371.9,766.8,141.0,71.0,212.0,3.8,1,555.0,4440.0,High,0,0.0,0.0,0.0,80,P1 - Critical (Immediate PO)
FC-West,SKU-APPR-004,3898.0,69.61,16.95,10.0,0.95,696.1,245.4,941.5,1428.8,215.0,107.0,322.0,4.6,1,1107.0,6752.7,High,0,0.0,0.0,0.0,80,P1 - Critical (Immediate PO)
FC-West,SKU-HOME-003,1790.4,31.97,7.64,8.0,0.95,255.8,81.8,337.6,561.3,73.0,61.0,134.0,4.2,1,427.0,8326.5,High,0,0.0,0.0,0.0,80,P1 - Critical (Immediate PO)
FC-West,SKU-GROC-005,4923.1,87.91,43.36,5.0,0.95,439.5,197.0,636.5,1251.9,294.0,165.0,459.0,5.2,1,793.0,4440.8,High,0,0.0,0.0,0.0,70,P2 - High (Replenish This Week)
FC-Central,SKU-HOME-007,332.6,5.94,2.53,8.0,0.95,47.5,18.0,65.5,107.1,14.0,11.0,25.0,4.2,1,82.0,779.0,High,0,0.0,0.0,0.0,65,P2 - High (Replenish This Week)
FC-East,SKU-ELEC-007,745.3,13.31,5.57,9.0,0.95,119.8,48.0,167.8,261.0,61.0,24.0,85.0,6.4,1,176.0,545.6,High,0,0.0,0.0,0.0,65,P2 - High (Replenish This Week)
FC-East,SKU-HLTH-006,2168.3,38.72,12.53,7.0,0.95,271.0,93.9,364.9,636.0,182.0,33.0,215.0,5.6,1,421.0,3873.2,High,0,0.0,0.0,0.0,65,P2 - High (Replenish This Week)
FC-West,SKU-HOME-008,3863.7,68.99,28.54,8.0,0.95,551.9,207.1,759.0,1241.9,738.0,190.0,928.0,13.5,0,0.0,0.0,Medium,0,0.0,0.0,0.0,65,P2 - High (Replenish This Week)
FC-West,SKU-APPR-009,139.6,2.49,4.19,10.0,0.95,24.9,23.3,48.2,65.6,38.0,1.0,39.0,15.7,1,27.0,1296.0,Medium,0,0.0,0.0,0.0,60,P2 - High (Replenish This Week)
FC-West,SKU-ELEC-009,168.8,3.01,5.56,9.0,0.95,27.1,28.8,55.9,77.0,34.0,7.0,41.0,13.6,1,36.0,540.0,Medium,0,0.0,0.0,0.0,60,P2 - High (Replenish This Week)
FC-Central,SKU-HLTH-009,111.7,2.0,3.49,7.0,0.95,14.0,15.7,29.7,43.7,22.0,3.0,25.0,12.5,1,19.0,1558.0,Medium,0,0.0,0.0,0.0,60,P2 - High (Replenish This Week)
FC-East,SKU-HLTH-003,3284.1,58.64,16.35,7.0,0.95,410.5,135.9,546.4,956.9,604.0,189.0,793.0,13.5,0,0.0,0.0,Medium,0,0.0,0.0,0.0,60,P2 - High (Replenish This Week)
FC-East,SKU-APPR-001,3640.8,65.02,14.39,10.0,0.95,650.2,226.6,876.8,1331.9,679.0,198.0,877.0,13.5,0,0.0,0.0,Medium,0,0.0,0.0,0.0,60,P2 - High (Replenish This Week)
FC-Central,SKU-ELEC-001,1571.0,28.05,7.78,9.0,0.95,252.5,91.5,344.0,540.3,338.0,9.0,347.0,12.4,0,0.0,0.0,Medium,0,0.0,0.0,0.0,60,P2 - High (Replenish This Week)
FC-West,SKU-HOME-002,4489.1,80.16,25.32,8.0,0.95,641.3,219.0,860.3,1421.4,812.0,363.0,1175.0,14.7,0,0.0,0.0,Low,0,0.0,0.0,0.0,50,P2 - High (Replenish This Week)
FC-West,SKU-HOME-006,2888.4,51.58,14.6,8.0,0.95,412.6,136.8,549.4,910.5,932.0,194.0,1126.0,21.8,0,0.0,0.0,Low,0,0.0,0.0,0.0,50,P2 - High (Replenish This Week)
FC-West,SKU-ELEC-010,436.1,7.79,4.42,9.0,0.95,70.1,31.7,101.8,156.3,94.0,17.0,111.0,14.2,0,0.0,0.0,Low,0,0.0,0.0,0.0,50,P2 - High (Replenish This Week)
FC-West,SKU-ELEC-005,3261.0,58.23,23.43,9.0,0.95,524.1,207.6,731.7,1139.3,1010.0,122.0,1132.0,19.4,0,0.0,0.0,Low,0,0.0,0.0,0.0,50,P2 - High (Replenish This Week)
FC-West,SKU-APPR-008,4236.2,75.65,36.8,10.0,0.95,756.5,314.0,1070.5,1600.1,1050.0,301.0,1351.0,17.9,0,0.0,0.0,Low,0,0.0,0.0,0.0,50,P2 - High (Replenish This Week)
FC-East,SKU-HOME-006,2608.6,46.58,17.2,8.0,0.95,372.6,133.8,506.4,832.5,2959.0,0.0,2959.0,63.5,0,0.0,0.0,Low,1,2126.5,89313.0,22328.25,50,P2 - High (Replenish This Week)
FC-West,SKU-ELEC-006,1180.5,21.08,8.88,9.0,0.95,189.7,76.3,266.0,413.6,301.0,80.0,381.0,18.1,0,0.0,0.0,Low,0,0.0,0.0,0.0,50,P2 - High (Replenish This Week)
FC-West,SKU-APPR-005,1834.5,32.76,15.08,10.0,0.95,327.6,133.3,460.9,690.2,572.0,14.0,586.0,17.9,0,0.0,0.0,Low,0,0.0,0.0,0.0,50,P2 - High (Replenish This Week)
FC-East,SKU-APPR-005,2534.3,45.26,16.0,10.0,0.95,452.6,170.6,623.2,940.0,818.0,172.0,990.0,21.9,0,0.0,0.0,Low,0,0.0,0.0,0.0,50,P2 - High (Replenish This Week)
FC-East,SKU-APPR-006,1606.3,28.68,14.04,10.0,0.95,286.8,119.3,406.1,606.9,537.0,53.0,590.0,20.6,0,0.0,0.0,Low,0,0.0,0.0,0.0,50,P2 - High (Replenish This Week)
FC-Central,SKU-ELEC-010,345.8,6.17,4.34,9.0,0.95,55.5,28.1,83.6,126.8,130.0,3.0,133.0,21.6,0,0.0,0.0,Low,0,0.0,0.0,0.0,50,P2 - High (Replenish This Week)
FC-Central,SKU-ELEC-005,2113.4,37.74,16.48,9.0,0.95,339.7,138.2,477.9,742.0,393.0,172.0,565.0,15.0,0,0.0,0.0,Low,0,0.0,0.0,0.0,50,P2 - High (Replenish This Week)
FC-Central,SKU-APPR-010,269.6,4.81,4.12,10.0,0.95,48.1,26.6,74.7,108.4,82.0,1.0,83.0,17.3,0,0.0,0.0,Low,0,0.0,0.0,0.0,50,P2 - High (Replenish This Week)
FC-Central,SKU-ELEC-006,1041.8,18.6,5.61,9.0,0.95,167.4,61.6,229.0,359.2,334.0,29.0,363.0,19.5,0,0.0,0.0,Low,0,0.0,0.0,0.0,50,P2 - High (Replenish This Week)
FC-Central,SKU-ELEC-008,3258.7,58.19,25.67,9.0,0.95,523.7,213.8,737.5,1144.8,3560.0,0.0,3560.0,61.2,0,0.0,0.0,Low,1,2415.2,53134.4,13283.6,50,P2 - High (Replenish This Week)
FC-West,SKU-GROC-006,2616.8,46.73,15.87,5.0,0.95,233.6,84.8,318.4,645.6,685.0,150.0,835.0,17.9,0,0.0,0.0,Low,0,0.0,0.0,0.0,50,P2 - High (Replenish This Week)
FC-East,SKU-GROC-006,2244.9,40.09,20.39,5.0,0.95,200.5,91.7,292.2,572.8,713.0,170.0,883.0,22.0,0,0.0,0.0,Low,0,0.0,0.0,0.0,50,P2 - High (Replenish This Week)
FC-East,SKU-ELEC-005,3350.0,59.82,28.63,9.0,0.95,538.4,226.6,765.0,1183.7,1072.0,244.0,1316.0,22.0,0,0.0,0.0,Low,0,0.0,0.0,0.0,50,P2 - High (Replenish This Week)
FC-West,SKU-APPR-002,3209.6,57.32,34.05,10.0,0.95,573.2,258.7,831.9,1233.1,980.0,9.0,989.0,17.3,0,0.0,0.0,Low,0,0.0,0.0,0.0,50,P2 - High (Replenish This Week)
FC-East,SKU-HOME-008,4422.1,78.97,34.69,8.0,0.95,631.8,243.1,874.9,1427.6,1455.0,314.0,1769.0,22.4,0,0.0,0.0,Low,0,0.0,0.0,0.0,50,P2 - High (Replenish This Week)
FC-East,SKU-HOME-002,6404.2,114.36,30.96,8.0,0.95,914.9,300.2,1215.1,2015.6,2502.0,80.0,2582.0,22.6,0,0.0,0.0,Low,0,0.0,0.0,0.0,50,P2 - High (Replenish This Week)
FC-Central,SKU-HOME-006,2015.6,35.99,12.09,8.0,0.95,287.9,100.2,388.1,640.1,540.0,40.0,580.0,16.1,0,0.0,0.0,Low,0,0.0,0.0,0.0,50,P2 - High (Replenish This Week)
FC-East,SKU-APPR-003,2786.2,49.75,21.7,10.0,0.95,497.5,198.8,696.3,1044.5,2591.0,0.0,2591.0,52.1,0,0.0,0.0,Low,1,1546.5,17320.8,4330.2,50,P2 - High (Replenish This Week)
FC-Central,SKU-HOME-008,2414.5,43.12,19.45,8.0,0.95,345.0,134.3,479.3,781.1,700.0,152.0,852.0,19.8,0,0.0,0.0,Low,0,0.0,0.0,0.0,50,P2 - High (Replenish This Week)
FC-East,SKU-ELEC-008,5146.0,91.89,37.86,9.0,0.95,827.0,330.0,1157.0,1800.2,1293.0,160.0,1453.0,15.8,0,0.0,0.0,Low,0,0.0,0.0,0.0,50,P2 - High (Replenish This Week)
FC-East,SKU-ELEC-010,504.0,9.0,5.65,9.0,0.95,81.0,38.6,119.6,182.6,159.0,4.0,163.0,18.1,0,0.0,0.0,Low,0,0.0,0.0,0.0,50,P2 - High (Replenish This Week)
FC-East,SKU-ELEC-006,1367.4,24.42,7.71,9.0,0.95,219.8,81.7,301.5,472.4,399.0,30.0,429.0,17.6,0,0.0,0.0,Low,0,0.0,0.0,0.0,50,P2 - High (Replenish This Week)
FC-Central,SKU-ELEC-002,1942.9,34.7,8.75,9.0,0.95,312.3,111.4,423.7,666.6,2235.0,0.0,2235.0,64.4,0,0.0,0.0,Low,1,1568.4,22271.28,5567.82,45,P3 - Standard Replenishment
FC-Central,SKU-APPR-001,2571.8,45.92,11.54,10.0,0.95,459.2,162.6,621.8,943.2,983.0,168.0,1151.0,25.1,0,0.0,0.0,Low,0,0.0,0.0,0.0,45,P3 - Standard Replenishment
FC-West,SKU-ELEC-003,1296.5,23.15,6.88,9.0,0.95,208.3,76.5,284.8,446.9,415.0,32.0,447.0,19.3,0,0.0,0.0,Low,0,0.0,0.0,0.0,45,P3 - Standard Replenishment
FC-West,SKU-ELEC-001,2094.4,37.4,11.01,9.0,0.95,336.6,123.3,459.9,721.7,558.0,32.0,590.0,15.8,0,0.0,0.0,Low,0,0.0,0.0,0.0,45,P3 - Standard Replenishment
FC-Central,SKU-ELEC-003,1056.0,18.86,6.19,9.0,0.95,169.7,63.6,233.3,365.4,258.0,9.0,267.0,14.2,0,0.0,0.0,Low,0,0.0,0.0,0.0,45,P3 - Standard Replenishment
FC-East,SKU-ELEC-002,2879.3,51.42,12.68,9.0,0.95,462.8,164.6,627.4,987.3,753.0,241.0,994.0,19.3,0,0.0,0.0,Low,0,0.0,0.0,0.0,45,P3 - Standard Replenishment
FC-East,SKU-ELEC-001,2377.5,42.46,10.8,9.0,0.95,382.1,136.5,518.6,815.9,753.0,37.0,790.0,18.6,0,0.0,0.0,Low,0,0.0,0.0,0.0,45,P3 - Standard Replenishment
FC-Central,SKU-HLTH-001,2793.9,49.89,11.68,7.0,0.95,349.2,110.8,460.0,809.3,936.0,159.0,1095.0,21.9,0,0.0,0.0,Low,0,0.0,0.0,0.0,45,P3 - Standard Replenishment
FC-East,SKU-HLTH-001,4267.4,76.2,15.44,7.0,0.95,533.4,164.7,698.1,1231.5,1222.0,220.0,1442.0,18.9,0,0.0,0.0,Low,0,0.0,0.0,0.0,45,P3 - Standard Replenishment
FC-West,SKU-GROC-001,4378.7,78.19,19.48,5.0,0.95,390.9,125.4,516.3,1063.7,1360.0,248.0,1608.0,20.6,0,0.0,0.0,Low,0,0.0,0.0,0.0,45,P3 - Standard Replenishment
FC-East,SKU-HLTH-008,3049.4,54.45,28.53,7.0,0.95,381.2,164.2,545.4,926.5,2886.0,0.0,2886.0,53.0,0,0.0,0.0,Low,1,1959.5,31352.0,7838.0,35,P3 - Standard Replenishment
FC-West,SKU-HLTH-008,2827.5,50.49,22.66,7.0,0.95,353.4,140.2,493.6,847.1,1069.0,217.0,1286.0,25.5,0,0.0,0.0,Low,0,0.0,0.0,0.0,35,P3 - Standard Replenishment
FC-Central,SKU-HLTH-002,1382.0,24.68,18.31,7.0,0.95,172.8,93.4,266.2,438.9,1383.0,0.0,1383.0,56.0,0,0.0,0.0,Low,1,944.1,6419.88,1604.97,35,P3 - Standard Replenishment
FC-East,SKU-HLTH-002,2770.7,49.48,27.06,7.0,0.95,346.4,153.0,499.4,845.7,611.0,179.0,790.0,16.0,0,0.0,0.0,Low,0,0.0,0.0,0.0,35,P3 - Standard Replenishment
FC-Central,SKU-HLTH-008,2639.3,47.13,18.46,7.0,0.95,329.9,122.9,452.8,782.7,703.0,178.0,881.0,18.7,0,0.0,0.0,Low,0,0.0,0.0,0.0,35,P3 - Standard Replenishment
FC-Central,SKU-GROC-010,340.5,6.08,4.5,5.0,0.95,30.4,18.4,48.8,91.4,65.0,9.0,74.0,12.2,0,0.0,0.0,Medium,0,0.0,0.0,0.0,35,P3 - Standard Replenishment
FC-Central,SKU-HOME-010,600.6,10.73,6.67,8.0,0.95,85.8,39.7,125.5,200.7,171.0,16.0,187.0,17.4,0,0.0,0.0,Low,0,0.0,0.0,0.0,35,P3 - Standard Replenishment
FC-East,SKU-HOME-010,878.6,15.69,9.23,8.0,0.95,125.5,56.1,181.6,291.4,175.0,45.0,220.0,14.0,0,0.0,0.0,Low,0,0.0,0.0,0.0,35,P3 - Standard Replenishment
FC-Central,SKU-GROC-002,2543.4,45.42,9.52,5.0,0.95,227.1,69.3,296.4,614.3,602.0,188.0,790.0,17.4,0,0.0,0.0,Low,0,0.0,0.0,0.0,30,P3 - Standard Replenishment
FC-Central,SKU-APPR-004,3099.5,55.35,14.99,10.0,0.95,553.5,198.1,751.6,1139.0,567.0,268.0,835.0,15.1,0,0.0,0.0,Low,0,0.0,0.0,0.0,30,P3 - Standard Replenishment
FC-Central,SKU-ELEC-004,2350.6,41.97,11.26,9.0,0.95,377.7,136.1,513.8,807.6,641.0,26.0,667.0,15.9,0,0.0,0.0,Low,0,0.0,0.0,0.0,30,P3 - Standard Replenishment
FC-West,SKU-HLTH-004,2271.1,40.56,9.91,7.0,0.95,283.9,90.9,374.8,658.7,2454.0,0.0,2454.0,60.5,0,0.0,0.0,Low,1,1795.3,18850.65,4712.66,30,P3 - Standard Replenishment
FC-West,SKU-ELEC-004,2987.4,53.35,13.6,9.0,0.95,480.2,171.6,651.8,1025.2,3230.0,0.0,3230.0,60.5,0,0.0,0.0,Low,1,2204.8,16536.0,4134.0,30,P3 - Standard Replenishment
FC-East,SKU-HOME-003,2033.2,36.31,10.6,8.0,0.95,290.5,97.1,387.6,641.8,745.0,134.0,879.0,24.2,0,0.0,0.0,Low,0,0.0,0.0,0.0,30,P3 - Standard Replenishment
FC-West,SKU-GROC-003,3429.7,61.24,14.51,5.0,0.95,306.2,96.7,402.9,831.6,1242.0,202.0,1444.0,23.6,0,0.0,0.0,Low,0,0.0,0.0,0.0,30,P3 - Standard Replenishment
FC-Central,SKU-HOME-005,1380.3,24.65,7.22,8.0,0.95,197.2,66.0,263.2,435.8,501.0,1.0,502.0,20.4,0,0.0,0.0,Low,0,0.0,0.0,0.0,30,P3 - Standard Replenishment
FC-Central,SKU-HOME-003,1360.3,24.29,6.6,8.0,0.95,194.3,63.8,258.1,428.1,504.0,39.0,543.0,22.4,0,0.0,0.0,Low,0,0.0,0.0,0.0,30,P3 - Standard Replenishment
FC-Central,SKU-HLTH-004,1760.7,31.44,8.35,7.0,0.95,220.1,71.9,292.0,512.1,605.0,78.0,683.0,21.7,0,0.0,0.0,Low,0,0.0,0.0,0.0,30,P3 - Standard Replenishment
FC-Central,SKU-GROC-003,2651.2,47.34,11.55,5.0,0.95,236.7,75.4,312.1,643.5,633.0,128.0,761.0,16.1,0,0.0,0.0,Low,0,0.0,0.0,0.0,30,P3 - Standard Replenishment
FC-Central,SKU-HOME-001,1271.3,22.7,5.98,8.0,0.95,181.6,59.2,240.8,399.7,464.0,91.0,555.0,24.4,0,0.0,0.0,Low,0,0.0,0.0,0.0,30,P3 - Standard Replenishment
FC-East,SKU-HOME-005,2026.7,36.19,8.39,8.0,0.95,289.5,92.0,381.5,634.8,713.0,147.0,860.0,23.8,0,0.0,0.0,Low,0,0.0,0.0,0.0,30,P3 - Standard Replenishment
FC-East,SKU-HOME-001,1885.8,33.68,8.88,8.0,0.95,269.4,87.9,357.3,593.1,567.0,16.0,583.0,17.3,0,0.0,0.0,Low,0,0.0,0.0,0.0,30,P3 - Standard Replenishment
FC-East,SKU-ELEC-004,3410.7,60.91,15.48,9.0,0.95,548.2,195.9,744.1,1170.5,3832.0,0.0,3832.0,62.9,0,0.0,0.0,Low,1,2661.5,19961.25,4990.31,30,P3 - Standard Replenishment
FC-West,SKU-HOME-005,1796.3,32.08,7.42,8.0,0.95,256.6,81.5,338.1,562.7,493.0,47.0,540.0,16.8,0,0.0,0.0,Low,0,0.0,0.0,0.0,30,P3 - Standard Replenishment
FC-West,SKU-HOME-001,1700.3,30.36,8.91,8.0,0.95,242.9,81.3,324.2,536.7,420.0,136.0,556.0,18.3,0,0.0,0.0,Low,0,0.0,0.0,0.0,30,P3 - Standard Replenishment
FC-East,SKU-GROC-004,2544.3,45.43,16.06,5.0,0.95,227.2,84.0,311.2,629.2,810.0,51.0,861.0,19.0,0,0.0,0.0,Low,0,0.0,0.0,0.0,30,P3 - Standard Replenishment
FC-Central,SKU-ELEC-009,148.4,2.65,4.53,9.0,0.95,23.8,23.7,47.5,66.1,168.0,0.0,168.0,63.4,0,0.0,0.0,Low,1,101.9,1528.5,382.12,25,P4 - Stable / Routine Monitor
FC-East,SKU-ELEC-009,178.9,3.19,5.69,9.0,0.95,28.7,29.6,58.3,80.6,66.0,14.0,80.0,25.1,0,0.0,0.0,Low,0,0.0,0.0,0.0,25,P4 - Stable / Routine Monitor
FC-Central,SKU-HOME-009,97.8,1.75,3.77,8.0,0.95,14.0,18.0,32.0,44.2,38.0,8.0,46.0,26.3,0,0.0,0.0,Low,0,0.0,0.0,0.0,25,P4 - Stable / Routine Monitor
FC-Central,SKU-APPR-009,85.6,1.53,2.66,10.0,0.95,15.3,14.7,30.0,40.7,30.0,2.0,32.0,20.9,0,0.0,0.0,Low,0,0.0,0.0,0.0,25,P4 - Stable / Routine Monitor
FC-East,SKU-HLTH-009,139.8,2.5,4.12,7.0,0.95,17.5,18.6,36.1,53.6,51.0,4.0,55.0,22.0,0,0.0,0.0,Low,0,0.0,0.0,0.0,25,P4 - Stable / Routine Monitor
FC-East,SKU-HOME-009,114.0,2.03,4.11,8.0,0.95,16.2,19.7,35.9,50.1,109.0,0.0,109.0,53.7,0,0.0,0.0,Low,1,58.9,4005.2,1001.3,25,P4 - Stable / Routine Monitor
FC-East,SKU-GROC-009,191.0,3.41,5.9,5.0,0.95,17.1,22.2,39.3,63.1,186.0,0.0,186.0,54.5,0,0.0,0.0,Low,1,122.9,4670.2,1167.55,25,P4 - Stable / Routine Monitor
FC-West,SKU-HLTH-009,148.5,2.65,4.22,7.0,0.95,18.6,19.1,37.7,56.2,50.0,10.0,60.0,22.6,0,0.0,0.0,Low,0,0.0,0.0,0.0,25,P4 - Stable / Routine Monitor
FC-West,SKU-HOME-009,125.6,2.24,3.95,8.0,0.95,17.9,19.1,37.0,52.7,46.0,4.0,50.0,22.3,0,0.0,0.0,Low,0,0.0,0.0,0.0,25,P4 - Stable / Routine Monitor
FC-Central,SKU-GROC-009,124.4,2.22,3.93,5.0,0.95,11.1,14.7,25.8,41.3,130.0,0.0,130.0,58.6,0,0.0,0.0,Low,1,88.7,3370.6,842.65,25,P4 - Stable / Routine Monitor
FC-Central,SKU-APPR-007,384.1,6.86,3.07,10.0,0.95,68.6,27.6,96.2,144.2,93.0,21.0,114.0,16.6,0,0.0,0.0,Low,0,0.0,0.0,0.0,20,P4 - Stable / Routine Monitor
FC-West,SKU-HOME-004,1217.4,21.74,7.26,8.0,0.95,173.9,60.4,234.3,386.5,1255.0,0.0,1255.0,57.7,0,0.0,0.0,Low,1,868.5,6253.2,1563.3,20,P4 - Stable / Routine Monitor
FC-Central,SKU-HLTH-005,3732.9,66.66,25.36,7.0,0.95,466.6,171.7,638.3,1104.9,1009.0,8.0,1017.0,15.3,0,0.0,0.0,Low,0,0.0,0.0,0.0,20,P4 - Stable / Routine Monitor
FC-Central,SKU-GROC-005,4917.9,87.82,48.68,5.0,0.95,439.1,213.1,652.2,1266.9,5368.0,0.0,5368.0,61.1,0,0.0,0.0,Low,1,4101.1,22966.16,5741.54,20,P4 - Stable / Routine Monitor
FC-East,SKU-APPR-007,592.9,10.59,5.48,10.0,0.95,105.9,45.0,150.9,225.0,186.0,28.0,214.0,20.2,0,0.0,0.0,Low,0,0.0,0.0,0.0,20,P4 - Stable / Routine Monitor
FC-East,SKU-GROC-008,4158.8,74.26,41.87,5.0,0.95,371.3,182.4,553.7,1073.5,979.0,91.0,1070.0,14.4,0,0.0,0.0,Low,0,0.0,0.0,0.0,20,P4 - Stable / Routine Monitor
FC-East,SKU-GROC-010,454.1,8.11,5.68,5.0,0.95,40.5,23.5,64.0,120.8,476.0,0.0,476.0,58.7,0,0.0,0.0,Low,1,355.2,10300.8,2575.2,20,P4 - Stable / Routine Monitor
FC-East,SKU-GROC-005,5589.4,99.81,50.06,5.0,0.95,499.1,226.2,725.3,1423.9,1282.0,162.0,1444.0,14.5,0,0.0,0.0,Low,0,0.0,0.0,0.0,20,P4 - Stable / Routine Monitor
FC-West,SKU-HLTH-005,5013.2,89.52,32.24,7.0,0.95,626.6,225.6,852.2,1478.9,1198.0,79.0,1277.0,14.3,0,0.0,0.0,Low,0,0.0,0.0,0.0,20,P4 - Stable / Routine Monitor
FC-West,SKU-APPR-007,509.5,9.1,4.78,10.0,0.95,91.0,38.9,129.9,193.6,170.0,44.0,214.0,23.5,0,0.0,0.0,Low,0,0.0,0.0,0.0,20,P4 - Stable / Routine Monitor
FC-East,SKU-HLTH-005,3867.6,69.06,33.37,7.0,0.95,483.4,199.2,682.6,1166.0,3749.0,0.0,3749.0,54.3,0,0.0,0.0,Low,1,2583.0,19114.2,4778.55,20,P4 - Stable / Routine Monitor
FC-East,SKU-HOME-004,1595.5,28.49,10.85,8.0,0.95,227.9,82.8,310.7,510.1,525.0,51.0,576.0,20.2,0,0.0,0.0,Low,0,0.0,0.0,0.0,20,P4 - Stable / Routine Monitor
FC-West,SKU-GROC-008,4883.2,87.2,59.32,5.0,0.95,436.0,246.5,682.5,1292.9,1878.0,395.0,2273.0,26.1,0,0.0,0.0,Low,0,0.0,0.0,0.0,20,P4 - Stable / Routine Monitor
FC-Central,SKU-ELEC-007,528.0,9.43,3.58,9.0,0.95,84.9,33.0,117.9,183.9,156.0,9.0,165.0,17.5,0,0.0,0.0,Low,0,0.0,0.0,0.0,15,P4 - Stable / Routine Monitor
FC-Central,SKU-HLTH-007,466.7,8.33,4.13,7.0,0.95,58.3,24.4,82.7,141.0,134.0,38.0,172.0,20.6,0,0.0,0.0,Low,0,0.0,0.0,0.0,15,P4 - Stable / Routine Monitor
FC-East,SKU-GROC-007,1029.1,18.38,5.87,5.0,0.95,91.9,32.4,124.3,253.0,309.0,9.0,318.0,17.3,0,0.0,0.0,Low,0,0.0,0.0,0.0,15,P4 - Stable / Routine Monitor
FC-Central,SKU-GROC-007,674.7,12.05,4.92,5.0,0.95,60.2,24.1,84.3,168.7,226.0,46.0,272.0,22.6,0,0.0,0.0,Low,0,0.0,0.0,0.0,15,P4 - Stable / Routine Monitor
FC-East,SKU-HLTH-007,634.1,11.32,5.37,7.0,0.95,79.2,32.3,111.5,190.8,729.0,0.0,729.0,64.4,0,0.0,0.0,Low,1,538.2,1345.5,336.38,15,P4 - Stable / Routine Monitor
FC-East,SKU-HOME-007,482.4,8.61,3.0,8.0,0.95,68.9,24.2,93.1,153.3,138.0,34.0,172.0,20.0,0,0.0,0.0,Low,0,0.0,0.0,0.0,15,P4 - Stable / Routine Monitor
FC-West,SKU-GROC-007,909.7,16.24,6.02,5.0,0.95,81.2,30.8,112.0,225.7,269.0,76.0,345.0,21.2,0,0.0,0.0,Low,0,0.0,0.0,0.0,15,P4 - Stable / Routine Monitor
FC-West,SKU-HLTH-007,575.5,10.28,4.61,7.0,0.95,72.0,28.5,100.5,172.4,149.0,40.0,189.0,18.4,0,0.0,0.0,Low,0,0.0,0.0,0.0,15,P4 - Stable / Routine Monitor
FC-West,SKU-HLTH-006,1958.1,34.97,10.2,7.0,0.95,244.8,82.1,326.9,571.7,688.0,173.0,861.0,24.6,0,0.0,0.0,Low,0,0.0,0.0,0.0,15,P4 - Stable / Routine Monitor
FC-West,SKU-HOME-007,425.7,7.6,3.65,8.0,0.95,60.8,24.4,85.2,138.4,148.0,3.0,151.0,19.9,0,0.0,0.0,Low,0,0.0,0.0,0.0,15,P4 - Stable / Routine Monitor
