scenario_id,scenario_name,store_id,sku_id,sku_name,category,unit_cost,unit_price,sim_daily_demand,sim_lead_time_days,sim_service_level,sim_safety_stock,sim_reorder_point,sim_order_up_to,current_inventory_position,sim_recommended_order_qty,sim_recommended_order_value,sim_safety_stock_capital,sim_days_of_supply,sim_stockout_risk
SCEN_01,Baseline Current State,FC-East,SKU-001,Test SKU 1,Electronics,50.0,100.0,20.0,7.0,0.95,53.9,193.9,333.9,100.0,234.0,11700.0,2695.0,5.0,High
SCEN_01,Baseline Current State,FC-West,SKU-002,Test SKU 2,Apparel,20.0,50.0,40.0,10.0,0.95,145.6,545.6,825.6,250.0,576.0,11520.0,2912.0,6.2,High
SCEN_02,Demand Surge (+15%),FC-East,SKU-001,Test SKU 1,Electronics,50.0,100.0,23.0,7.0,0.95,60.8,221.8,382.8,100.0,283.0,14150.0,3040.0,4.3,High
SCEN_02,Demand Surge (+15%),FC-West,SKU-002,Test SKU 2,Apparel,20.0,50.0,46.0,10.0,0.95,163.7,623.7,945.7,250.0,696.0,13920.0,3274.0,5.4,High
SCEN_03,Lead Time Disruption (+20%),FC-East,SKU-001,Test SKU 1,Electronics,50.0,100.0,20.0,8.4,0.95,63.8,231.8,371.8,100.0,272.0,13600.0,3190.0,5.0,High
SCEN_03,Lead Time Disruption (+20%),FC-West,SKU-002,Test SKU 2,Apparel,20.0,50.0,40.0,12.0,0.95,172.1,652.1,932.1,250.0,682.0,13640.0,3442.0,6.2,High
SCEN_04,Premium Service Level (99%),FC-East,SKU-001,Test SKU 1,Electronics,50.0,100.0,20.0,7.0,0.99,76.3,216.3,356.3,100.0,256.0,12800.0,3815.0,5.0,High
SCEN_04,Premium Service Level (99%),FC-West,SKU-002,Test SKU 2,Apparel,20.0,50.0,40.0,10.0,0.99,206.0,606.0,886.0,250.0,636.0,12720.0,4120.0,6.2,High
SCEN_05,Volatility Shock (CV +30%),FC-East,SKU-001,Test SKU 1,Electronics,50.0,100.0,20.0,7.0,0.95,56.9,196.9,336.9,100.0,237.0,11850.0,2845.0,5.0,High
SCEN_05,Volatility Shock (CV +30%),FC-West,SKU-002,Test SKU 2,Apparel,20.0,50.0,40.0,10.0,0.95,154.6,554.6,834.6,250.0,585.0,11700.0,3092.0,6.2,High
SCEN_06,"Compound Stress Test (+15% D, +20% LT, 98% SL)",FC-East,SKU-001,Test SKU 1,Electronics,50.0,100.0,23.0,8.4,0.98,91.7,284.9,445.9,100.0,346.0,17300.0,4585.0,4.3,High
SCEN_06,"Compound Stress Test (+15% D, +20% LT, 98% SL)",FC-West,SKU-002,Test SKU 2,Apparel,20.0,50.0,46.0,12.0,0.98,247.1,799.1,1121.1,250.0,871.0,17420.0,4942.0,5.4,High
